segment_id,street,from_street,to_street,start_latitude,start_longitude,end_latitude,end_longitude
970,Pershing,Dan Ryan Expy,State,41.82371453,-87.63050842,41.82381853,-87.62644842
373,Western,87th,91st,41.7355283222,-87.6826972175,41.7282307117,-87.6824828127
185,87th,Central Park,Kedzie,41.7348842334,-87.7119953299,41.735083368,-87.7020978703
877,LaSalle,Stockton,Lake Shore Dr,41.9132509892,-87.6315440404,41.9128509892,-87.6268319095
309,Irving Park,Pulaski,Kostner,41.9537849922,-87.7276158638,41.9536666068,-87.7380626662
1105,Cermak,City Boundary,Cicero,41.8515161194,-87.7394907937,41.8514803382,-87.7442663916
120,Ashland,Chicago,Milwaukee,41.8960725742,-87.6671078757,41.9040161282,-87.6673294583
710,Dr Martin L King Jr,59th,63rd,41.7875182,-87.6160043658,41.7801838678,-87.6158195303
459,95th,Stony Island,Jeffery,41.722204896,-87.5851090249,41.7223678834,-87.5753681177
813,Stony Island,71st,75th,41.7660878258,-87.5862821566,41.7587855819,-87.5861128958
214,Roosevelt,Central,Laramie,41.8654815414,-87.764354818,41.8655761505,-87.7545600319
594,Lake Shore Dr,North Ave,Fullerton,41.9113301795,-87.6257810568,41.9260827378,-87.6310264345
1000,Touhy,Crawford,Kedzie,42.0115985088,-87.7285988897,42.0117196518,-87.7090567368
179,Garfield,Dan Ryan Expy,Halsted,41.7946718587,-87.6311253178,41.7944390571,-87.6451588943
1173,Indiana,130th,127th,41.6591062937,-87.618270448,41.663379309,-87.6174865167
48,Pulaski,North Ave,Armitage,41.9098857185,-87.7261470243,41.9171651852,-87.7264442053
816,Stony Island,59th,63rd,41.7878819901,-87.5868421143,41.7806547878,-87.5866211188
139,Ashland,63rd,67th,41.7794656394,-87.6644040713,41.7721930844,-87.6642044154
406,Western,Foster,Lawrence,41.9758925735,-87.6893345677,41.9686159566,-87.689090429
365,Western,Lawrence,Foster,41.9686138926,-87.6887227326,41.97589051,-87.6889668295
457,95th,Cottage Grove,Woodlawn,41.7219515062,-87.6045043683,41.722002538,-87.5947345466
930,Milwaukee,Armitage,Fullerton,41.9175685137,-87.6883646017,41.9247896604,-87.7002228515
1037,Wacker,State,LaSalle,41.8869508682,-87.627973493,41.8870664305,-87.6324828907
481,111th,Stewart,Michigan,41.6923240265,-87.6329245801,41.6924819001,-87.6210393558
518,Archer,Damen,Western,41.8319637,-87.67537005,41.82615333,-87.68489325
219,Roosevelt,Central Park,Kedzie,41.8661526026,-87.7154221093,41.8662681014,-87.7056705433
313,Irving Park,Western,California,41.9541499435,-87.6884648539,41.9541110923,-87.6982391845
264,87th,Kostner,Cicero,41.7348268186,-87.7311593177,41.7346613209,-87.7410563453
1193,Dr Martin L King Jr,Cermak,24th,41.8530029925,-87.6192241821,41.8493505614,-87.6185256664
106,Ashland,59th,55th,41.7867457704,-87.6642111674,41.7940232957,-87.6643984668
132,Ashland,Bryn Mawr,Clark,41.9834747775,-87.6696322417,41.9867518859,-87.6695265292
931,Milwaukee,Peterson,Devon,41.9901946296,-87.7808506377,41.9973513029,-87.7877063878
1082,130th,Indiana,I-94 Expy,41.6589702239,-87.618454928,41.6598188126,-87.5888058664
541,Cermak,Racine,Halsted,41.8524053768,-87.656182952,41.8525453729,-87.6464628869
698,Dr Martin L King Jr,35th,31st,41.8311007753,-87.6169702483,41.8384212078,-87.6171031194
150,Ashland,Roosevelt,18th,41.8668625554,-87.6665671071,41.8577948131,-87.6663216627
822,Torrence,107th,103rd,41.7009752315,-87.5593916356,41.7081667435,-87.5594825555
985,Torrence,107th,112th,41.700977697,-87.5597578004,41.6919421101,-87.559645328
1049,Warren,Damen,Ashland,41.8820947137,-87.6766645172,41.8822417003,-87.6668391286
858,Higgins,Austin,Nagle,41.9733282922,-87.7782350055,41.9763954381,-87.7878566714
1285,Chicago,Michigan,Lake Shore Dr,41.896635,-87.624241,41.896736,-87.617048
937,Milwaukee,Fullerton,Armitage,41.9247916859,-87.700590308,41.9175705769,-87.6887320123
602,Lake Shore Dr,Foster,Hollywood,41.9765945008,-87.6502830414,41.9855533157,-87.6533932841
32,Pulaski,55th,Archer,41.7932034198,-87.7229756027,41.802316468,-87.7233273471
223,Roosevelt,Damen,Ashland,41.8666173666,-87.6762510995,41.8667242852,-87.6663849776
1227,Halsted,Armitage,Fullerton,41.91818,-87.648318,41.925454,-87.64857
1036,Wacker,LaSalle,Franklin,41.8870664305,-87.6324828907,41.8869924633,-87.6354417258
307,Irving Park,Cicero,Laramie,41.9535555813,-87.7473036159,41.9534369276,-87.7571464847
1152,Harlem,Chicago,North Ave,41.8942683013,-87.8051007941,41.9088560337,-87.8055536529
648,Cicero,Fullerton,Armitage,41.9242323024,-87.7464522852,41.9169319883,-87.7462962254
544,Cermak,Michigan,Dr Martin L King Jr,41.852665046,-87.623799,41.8527760863,-87.6194512191
695,Dr Martin L King Jr,47th,43rd,41.8093848774,-87.6163943054,41.8166344948,-87.6165993704
1090,130th,I-94 Expy,Indiana,41.6600932265,-87.5888027055,41.6592446397,-87.6184518931
656,Congress,State,Michigan,41.8754846848,-87.6276307364,41.8755994887,-87.6242548163
987,Torrence,99th,103rd,41.7154067044,-87.5599585029,41.7081692089,-87.5598487355
76,Pulaski,31st,I-55 Expy,41.8368851841,-87.7246009792,41.8229936666,-87.7243007082
52,Pulaski,Milwaukee,Irving Park,41.9411668426,-87.7270628829,41.9536468185,-87.727551496
202,North,Kostner,Cicero,41.9098927671,-87.7362618327,41.9097629867,-87.7461131909
912,Michigan,26th,31st,41.84564219,-87.62390743,41.83834404,-87.62363669
943,Milwaukee,Lawrence,Montrose,41.9678453326,-87.7609588782,41.960634303,-87.7546730264
232,Roosevelt,Kostner,Cicero,41.866170101,-87.7349634658,41.8660878547,-87.7447613932
797,Stony Island,95th,91st,41.722346361,-87.5849507392,41.7296111731,-87.5850694771
687,Dr Martin L King Jr,79th,75th,41.7511190099,-87.6148109218,41.7584029267,-87.6148962271
183,87th,Kostner,Pulaski,41.7345524002,-87.731161881,41.7347180742,-87.7214579641
234,Roosevelt,Central Park,Pulaski,41.8664270139,-87.7154194668,41.8663093356,-87.7251691897
846,Harlem,Devon,Peterson,41.9977761215,-87.8069809576,41.98997995,-87.8070638759
1239,Halsted,79th,83rd,41.750643,-87.644233,41.743359,-87.644021
67,Pulaski,71st,79th,41.7641031795,-87.7226046555,41.7495734287,-87.7221640524
1245,Halsted,55th,59th,41.794301,-87.64535,41.787025,-87.64516
241,Roosevelt,Halsted,Racine,41.867291304,-87.6469168821,41.8671338197,-87.656679779
1101,Cermak,Cicero,City Boundary,41.8512059248,-87.7442689094,41.8512417062,-87.7394933319
810,Stony Island,83rd,87th,41.7442186009,-87.585774091,41.7369158383,-87.5856049147
215,Roosevelt,Laramie,Cicero,41.8655761505,-87.7545600319,41.8658134419,-87.7447639101
547,Cermak,Pulaski,Kostner,41.8517295572,-87.7248539636,41.8515825772,-87.7345076889
298,Irving Park,Clarendon,Lake Shore Dr,41.9544240318,-87.6497013008,41.9545203153,-87.6445645207
279,Irving Park,Pacific,Oriole,41.9521088985,-87.8269783644,41.9524069352,-87.8170669694
447,79th,Ashland,Racine,41.7502908262,-87.6634715402,41.7503147501,-87.6536959041
787,Peterson,Jersey,Central Park,41.9905195564,-87.7111087839,41.9903903804,-87.7188675725
203,North,Pulaski,Kostner,41.9100238945,-87.7263294053,41.9098927671,-87.7362618327
850,Higgins,Harlem,Oak Park,41.9809967484,-87.8069576478,41.9787314076,-87.7964600566
240,Roosevelt,Racine,Ashland,41.8671338197,-87.656679779,41.8669986938,-87.6663821254
774,Peterson,Edens Expy,Cicero,41.990023298,-87.7506684369,41.9897623135,-87.7483271581
621,Lake Shore Dr,Division,Oak St,41.9039983328,-87.6246546523,41.9009810502,-87.6198932807
497,Archer,Cicero,Kostner,41.7985004459,-87.7429034455,41.8000225514,-87.733172525
423,79th,Stony Island,Woodlawn,41.7515908387,-87.5857979864,41.7514496528,-87.595412204
700,Dr Martin L King Jr,26th,24th,41.8456974224,-87.6172921227,41.8493386937,-87.618133536
115,Ashland,18th,Roosevelt,41.8577926807,-87.6659546034,41.8668604234,-87.6661999959
1100,Cermak,Central,Cicero,41.8507279962,-87.7634806928,41.8512059248,-87.7442689094
493,Archer,Narragansett,Austin,41.7922277907,-87.7817895727,41.7940678353,-87.772082715
65,Pulaski,83rd,87th,41.7421819618,-87.7219287929,41.7348605537,-87.7216776788
149,Ashland,18th,Cermak,41.8577948131,-87.6663216627,41.8523321221,-87.6662077421
1081,127th,Halsted,Indiana,41.6631935046,-87.6413683477,41.6632816133,-87.6176632662
330,Western,99th,95th,41.713672748,-87.6816602454,41.7209382823,-87.6818720444
415,79th,Kostner,Cicero,41.7494782498,-87.7316040523,41.7492847508,-87.7413265301
380,Western,59th,63rd,41.7865297579,-87.6840139301,41.7792170504,-87.6838226552
147,Ashland,Archer,35th,41.8376849226,-87.6659250887,41.8305024208,-87.6657517025
771,Harlem,Gunnison,Foster,41.9682596163,-87.8069498272,41.9754664535,-87.8068343518
1247,Halsted,47th,51st,41.808864,-87.645729,41.801585,-87.645536
540,Cermak,Ashland,Racine,41.8522153617,-87.6659431492,41.8524053768,-87.6561829409
195,North,Halsted,LaSalle,41.9107824177,-87.6482730398,41.9110250802,-87.6331523771
717,Dr Martin L King Jr,31st,35th,41.8384234955,-87.6174700788,41.831103063,-87.6173371439
335,Western,79th,Columbus Ave,41.7501017847,-87.6826639338,41.7592310843,-87.6829192318
11,Garfield,State,Dr Martin L King Jr,41.7945059819,-87.625702556,41.7946636061,-87.6159826042
684,Dr Martin L King Jr,91st,87th,41.7291900977,-87.6141896483,41.7364992381,-87.6143079092
1221,Halsted,Harrison,Madison,41.874338,-87.646935,41.881776,-87.647171
269,87th,Western,California,41.7356644927,-87.6825126506,41.7355199254,-87.6921980271
626,Cicero,Diversey,Belmont,41.9315315648,-87.7464081568,41.9388186376,-87.7466944859
63,Pulaski,91st,95th,41.7279279345,-87.721966073,41.7205390182,-87.7215908065
60,Pulaski,103rd,107th,41.7059057937,-87.7211571147,41.6985650226,-87.7208769338
1276,Columbus,Roosevelt,Congress,41.867512,-87.620301,41.875774,-87.620488
788,Peterson,California,Jersey,41.9905751568,-87.6993974307,41.9905195564,-87.7111087839
350,Western,Roosevelt,Van Buren,41.8666115084,-87.6858548579,41.8760825857,-87.6860859175
650,Cicero,Belmont,Diversey,41.9388205094,-87.7470620151,41.9315334345,-87.7467756515
575,Cicero,Kinzie,Chicago,41.8879205051,-87.7453403489,41.8949856048,-87.7456284502
324,North,Central,Laramie,41.9092415237,-87.7657253832,41.9093640671,-87.7557968589
940,Milwaukee,Addison,Belmont,41.9462450778,-87.7358107254,41.9391425051,-87.7241340948
647,Cicero,Armitage,North Ave,41.9169319883,-87.7462962254,41.9096295855,-87.7462702262
297,Irving Park,Sheridan,Clarendon,41.9543511743,-87.6545461948,41.9544240318,-87.6497013008
800,Stony Island,83rd,79th,41.7442162163,-87.5854076784,41.7515184785,-87.5855768194
201,North,Cicero,Laramie,41.9097629867,-87.7461131909,41.9096384783,-87.7557943854
369,Western,103rd,107th,41.7063773615,-87.6818034645,41.699079999,-87.681570794
711,Dr Martin L King Jr,Garfield,59th,41.7946778372,-87.6161578443,41.7875182,-87.6160043658
1198,Halsted,103rd,99th,41.706916,-87.642643,41.714215,-87.642814
318,Irving Park,Clarendon,Sheridan,41.9546984352,-87.6496983683,41.954625578,-87.654543283
57,Pulaski,Bryn Mawr,Peterson,41.9828305605,-87.7283177717,41.988652019,-87.7283177717
856,Higgins,Oak Park,Harlem,41.9790058174,-87.7964577516,41.9812711585,-87.8069553878
110,Ashland,43rd,Pershing,41.8158697299,-87.6649647832,41.8231508628,-87.6651248281
1184,Sheridan,Pratt,Touhy,42.0055389804,-87.6607357537,42.0128288601,-87.6632694105
739,Milwaukee,Belmont,Addison,41.9391405545,-87.72376658,41.9462431643,-87.7354431617
876,LaSalle,Clark,Stockton,41.9129095435,-87.6329312928,41.9132509892,-87.6315440404
773,Milwaukee,Irving Park,Montrose,41.9534177331,-87.7471035018,41.9606324493,-87.7543053641
839,Harlem,Diversey,Grand,41.9308138672,-87.8066529833,41.9239935733,-87.8064286323
1127,Cicero,Cermak,Roosevelt,41.8512433072,-87.7440666919,41.865960857,-87.7446180929
1103,Cermak,Central,Ridgeland,41.851385,-87.763913,41.8510024115,-87.7834783427
581,Lake Shore Dr,31st,I-55 Expy,41.838571746,-87.6081678831,41.848976339,-87.6124560681
649,Cicero,Diversey,Fullerton,41.9315334345,-87.7467756515,41.9242323024,-87.7464522852
1201,Halsted,91st,87th,41.728767,-87.643226,41.736073,-87.643376
512,Archer,Kostner,Cicero,41.80029696,-87.73316995,41.79877485,-87.74290093
529,Caldwell,Central,Devon,41.996247,-87.764172,41.99730108,-87.76650952
127,Ashland,Addison,Irving Park,41.9469890515,-87.6686743455,41.9542892901,-87.6688650541
135,Ashland,83rd,87th,41.7430778317,-87.6634347632,41.7357908525,-87.6632483146
158,Ashland,Fullerton,Elston,41.9251526443,-87.668329537,41.9185478323,-87.6682766764
1200,Halsted,95th,91st,41.721458,-87.643022,41.728767,-87.643226
453,79th,Racine,Ashland,41.7505891635,-87.6536930095,41.7505652402,-87.6634686872
812,Stony Island,75th,79th,41.7587855819,-87.5861128958,41.7515208628,-87.5859432626
218,Roosevelt,Pulaski,Central Park,41.8660349238,-87.7251717904,41.8661526026,-87.7154221093
341,Western,55th,51st,41.793875546,-87.6838584229,41.8011451454,-87.684040664
283,Irving Park,Narragansett,Austin,41.9527793008,-87.7865606805,41.9529189391,-87.7767759969
22,Pulaski,99th,95th,41.7131708566,-87.720941896,41.7205351179,-87.7212281119
117,Ashland,Harrison,Washington,41.8741993673,-87.6664153537,41.8832979102,-87.6666877975
1089,127th,Indiana,Halsted,41.6635560289,-87.6176602275,41.6634679215,-87.6413654096
355,Western,Division,North Ave,41.9030150932,-87.686843103,41.9103198343,-87.6870370163
102,Ashland,79th,71st,41.7503560091,-87.6632541367,41.7649079607,-87.663612718
487,111th,Stewart,Halsted,41.6925984414,-87.6329215921,41.6925071489,-87.6423633676
372,Western,91st,95th,41.7282307117,-87.6824828127,41.7209403583,-87.6822383249
769,Harlem,Belmont,Addison,41.9379872726,-87.8065443404,41.9452629688,-87.8068210943
895,Lake Shore Dr,Lawrence,Montrose,41.9694059924,-87.6481529198,41.96200822,-87.64644589
490,111th,Bishop Ford Expy,Cottage Grove,41.6926493901,-87.5988095261,41.6929008891,-87.6098539827
69,Pulaski,63rd,67th,41.7786611581,-87.7230100127,41.7713768755,-87.7228259157
445,79th,Western,Damen,41.7499136183,-87.6827540461,41.7501431365,-87.6730852477
1185,Broadway,Devon,Hollywood,41.9982097226,-87.6605728465,41.9854635087,-87.6603094445
425,95th,Damen,Ashland,41.7208895929,-87.6727283985,41.7210579504,-87.6626346092
763,Harlem,59th,Archer,41.7846875845,-87.8010328293,41.7919383373,-87.801344619
15,55th,Central,Austin,41.7928797,-87.76223503,41.7926797,-87.77206503
284,Irving Park,Austin,Central,41.9529189391,-87.7767759969,41.9530473793,-87.7670009299
87,Pulaski,North Ave,Grand,41.9098896012,-87.726581748,41.9061589395,-87.7266587113
875,LaSalle,North Ave,Clark,41.9111587862,-87.632960514,41.913031,-87.632772
954,Ohio,Orleans,LaSalle,41.8923816602,-87.637047557,41.8924145112,-87.6325726363
918,Michigan,Congress,Roosevelt,41.875777,-87.624605,41.86745208,-87.62442868
1098,Cermak,Harlem,Ridgeland,41.8502380854,-87.8036133151,41.8507279962,-87.7834806928
889,Lake Shore Dr,Fullerton,North Ave,41.9260849848,-87.6313938932,41.9113324426,-87.6261484121
1171,Harlem,North Ave,Chicago,41.9088560337,-87.8059536529,41.8942683013,-87.8055007941
146,Ashland,35th,Pershing,41.8305024208,-87.6657517025,41.8231529963,-87.6654916893
1236,Halsted,91st,95th,41.728767,-87.643606,41.721458,-87.643402
271,87th,Ashland,Damen,41.7359269914,-87.6630637062,41.7357915897,-87.6727836177
217,Roosevelt,Kostner,Pulaski,41.8658956887,-87.7349660246,41.8660349238,-87.7251717904
610,Lake Shore Dr,I-55 Expy,31st,41.8489786419,-87.6128230691,41.8385740621,-87.6085348206
1248,Halsted,43rd,47th,41.816184,-87.645915,41.808864,-87.645729
925,Michigan,Lake Shore Dr Michigan Exit Ramp,Ohio,41.90082865,-87.624408,41.892571,-87.624359
44,Pulaski,Lake,Chicago,41.8854658549,-87.7256212259,41.8953666789,-87.725990629
95,Pulaski,Foster,Lawrence,41.9755349148,-87.7284849951,41.96824521,-87.728279105
1056,Randolph,Columbus,Michigan,41.8846520046,-87.6206419402,41.8846086464,-87.6244501884
211,North,Halsted,Elston,41.9110568232,-87.6482701057,41.910843339,-87.6621596195
559,Cermak,Dr Martin L King Jr,Michigan,41.8530504929,-87.6194481677,41.852991,-87.623818
92,Pulaski,Irving Park,Milwaukee,41.9536506962,-87.72786858250001,41.9411707218,-87.72749796560001
957,Ohio,Michigan,Fairbanks,41.8925430126,-87.6241579489,41.8925990544,-87.6202722384
1251,Halsted,31st,35th,41.838046,-87.646466,41.83075,-87.646295
311,Irving Park,Kedzie,Central Park,41.9540569195,-87.7080135337,41.9539236607,-87.7178119849
1244,Halsted,59th,63rd,41.787025,-87.64516,41.779751,-87.644977
413,79th,Cottage Grove,Woodlawn,41.7511156124,-87.6051912535,41.7511752428,-87.5954153468
566,Cicero,63rd,59th,41.7784097411,-87.7421146239,41.7843170707,-87.7412259766
402,Western,Addison,Belmont,41.9467318416,-87.6884415055,41.9394618483,-87.6883485854
758,Grand,Michigan,State,41.8917303986,-87.6241461501,41.8917151045,-87.62806696
817,Stony Island,57th,59th,41.7915709546,-87.5869009635,41.7878819901,-87.5868421143
1083,130th,I-94 Expy,Torrence,41.6598188126,-87.5888058664,41.6590521297,-87.5592878166
109,Ashland,47th,43rd,41.8086033737,-87.6647891274,41.8158697299,-87.6649647832
36,Pulaski,I-55 Expy,31st,41.8229897759,-87.7238669791,41.8368812942,-87.7242987603
1264,Halsted,Diversey,Fullerton,41.932719,-87.6492,41.925454,-87.64895
458,95th,Woodlawn,Stony Island,41.722002538,-87.5947345466,41.722204896,-87.5851090249
499,Archer,Pulaski,47th,41.8021841928,-87.7234847773,41.8077612143,-87.7140372137
256,87th,Damen,Ashland,41.7355171745,-87.6727864295,41.7356525768,-87.6630665594
777,Peterson,Pulaski,Central Park,41.9900311655,-87.7286566934,41.9901159749,-87.7188702116
1206,Halsted,71st,67th,41.765201,-87.644221,41.772472,-87.644407
114,Ashland,Cermak,18th,41.8523299896,-87.6658407141,41.8577926807,-87.6659546034
811,Stony Island,79th,83rd,41.7515208628,-87.5859432626,41.7442186009,-87.585774091
824,Milwaukee,Montrose,Lawrence,41.9606324493,-87.7543053641,41.9678434988,-87.7605911887
345,Western,Pershing,Archer,41.8229949942,-87.6846933402,41.8259368847,-87.6847191026
565,Cicero,67th,63rd,41.7711254297,-87.7418663731,41.7784097411,-87.7421146239
1265,Halsted,Belmont,Diversey,41.939979,-87.649457,41.932719,-87.6492
837,Harlem,Armitage,North Ave,41.9161706271,-87.8061752063,41.9088392194,-87.805936449
1282,Fairbanks,Illinois,Chicago,41.891002,-87.620124,41.896785,-87.620269
399,Western,Kennedy Expy,Fullerton,41.9279828403,-87.6879335859,41.9249017152,-87.6878256352
123,Ashland,Elston,Fullerton,41.9185457037,-87.6679092691,41.9251505156,-87.6679620918
40,Pulaski,16th,Roosevelt,41.8588673534,-87.724771498,41.8661711575,-87.7250561494
515,Archer,Kedzie,47th,41.81426355,-87.7042579,41.80803564,-87.71403459
1061,Washington,Randolph,1550 West,41.8842641098,-87.6633319571,41.8831805916,-87.6648232007
364,Western,Montrose,Lawrence,41.9613118159,-87.6884991671,41.9686138926,-87.6887227326
580,Lake Shore Dr,Oakwood,31st,41.8252971863,-87.6001924641,41.838571746,-87.6081678831
1298,LaSalle,Jackson,Wacker,41.878134,-87.632157,41.886928,-87.632384
709,Dr Martin L King Jr,63rd,67th,41.7801838678,-87.6158195303,41.7729490745,-87.6156002918
441,79th,Pulaski,Central Park,41.7493965084,-87.72188413,41.7495462277,-87.7118904749
944,Milwaukee,Foster,Lawrence,41.9756560558,-87.7679223953,41.9678453326,-87.7609588782
526,Caldwell,Central,Edens Expy,41.9961393528,-87.7643967598,41.9902902084,-87.751306501
1196,Halsted,111th,107th,41.692355,-87.642187,41.69964,-87.642417
24,Pulaski,91st,87th,41.7279240361,-87.7215334269,41.7348566529,-87.7213107758
450,79th,Western,California,41.7501880334,-87.6827512753,41.7500402444,-87.6926364622
962,Ontario,State,LaSalle,41.8932683712,-87.6281107904,41.8932027711,-87.6326364483
1250,Halsted,35th,Pershing,41.83075,-87.646295,41.823458,-87.646116
1262,Halsted,Armitage,North Ave,41.91818,-87.648698,41.91092,-87.648463
194,North,Elston,Halsted,41.9105689327,-87.6621624942,41.9107824177,-87.6482730398
1214,Halsted,Pershing,35th,41.823458,-87.645736,41.83075,-87.645915
785,Peterson,Pulaski,Kostner,41.9903055715,-87.7286540964,41.99014783,-87.738383984
1304,Harrison,Halsted,Canal,41.874238,-87.647125,41.874238,-87.639487
83,Pulaski,Lake,Washington,41.8854697391,-87.7260556696,41.8819403523,-87.7259576089
347,Western,31st,Cermak,41.8390729803,-87.6850393262,41.8520308712,-87.6854567493
391,Western,Van Buren,Roosevelt,41.8760846544,-87.6864530829,41.8666135775,-87.686221969
482,111th,Michigan,Cottage Grove,41.6924819001,-87.6210393704,41.6926264754,-87.6098570578
1215,Halsted,35th,31st,41.83075,-87.645915,41.838046,-87.646086
75,Pulaski,I-55 Expy,43rd,41.8229936666,-87.7243007082,41.815198411,-87.7241121224
1116,111th,Kedzie,Western,41.6914305788,-87.7008290506,41.6916419497,-87.6811565356
187,North,Pulaski,Central Park,41.9097494848,-87.7263320051,41.9098569484,-87.7167020015
1268,Indiana,127th,130th,41.66330931,-87.617866,41.65900629,-87.618769
429,95th,Wentworth,Michigan,41.7215727836,-87.628638933,41.721636209,-87.6205342482
73,Pulaski,47th,Archer,41.8078865428,-87.7238367819,41.8023203612,-87.72367443040001
1235,Halsted,95th,99th,41.721458,-87.643402,41.714215,-87.643194
289,Irving Park,Pulaski,Central Park,41.9535105845,-87.727618462,41.9536492536,-87.7178146252
10,Garfield,Dan Ryan Expy,State,41.7943974487,-87.6311283131,41.7945059819,-87.625702556
108,Ashland,51st,47th,41.8013171472,-87.6645931099,41.8086033737,-87.6647891274
258,87th,Racine,Halsted,41.7357981642,-87.6533416007,41.736140859,-87.6436285094
1237,Halsted,87th,91st,41.736073,-87.643756,41.728767,-87.643606
416,79th,Pulaski,Kostner,41.7496709256,-87.7218815259,41.7494782498,-87.7316040523
680,Desplaines,Madison,Harrison,41.8818287714,-87.6442914709,41.874374782,-87.6440417428
790,Peterson,Damen,Western,41.9908246255,-87.6798577685,41.9906579206,-87.6896910614
548,Cermak,Central Park,Pulaski,41.8517758038,-87.7150028281,41.8517295572,-87.7248539636
536,Cermak,Kedzie,California,41.8517448606,-87.705218541,41.8517403631,-87.6954340136
782,Peterson,Damen,Ridge,41.9905502221,-87.6798605752,41.9906428343,-87.6721479065
134,Ashland,87th,91st,41.7357908525,-87.6632483146,41.7284832358,-87.6630347385
791,Peterson,Ridge,Damen,41.9909172373,-87.6721450666,41.9908246255,-87.6798577685
9,Garfield,Halsted,Dan Ryan Expy,41.7941646462,-87.6451618298,41.7943974487,-87.6311283131
1281,Columbus,Illinois,Randolph,41.891002,-87.620424,41.884414,-87.620742
111,Ashland,Pershing,35th,41.8231508628,-87.6651248281,41.8305002878,-87.6653847992
237,Roosevelt,Western,California,41.8667497479,-87.6860370294,41.8666478725,-87.6959061275
955,Ohio,LaSalle,State,41.8924145112,-87.6325726363,41.8924469959,-87.6280709409
121,Ashland,Milwaukee,North Ave,41.9040161282,-87.6673294583,41.9106292239,-87.6675079387
1182,Broadway,Hollywood,Devon,41.9854613518,-87.6599416534,41.9982075605,-87.6601728465
273,87th,Halsted,Racine,41.7364152726,-87.6436255734,41.7360725783,-87.6533387061
798,Stony Island,91st,87th,41.7296111731,-87.5850694771,41.7369134537,-87.5852385693
96,Pulaski,Bryn Mawr,Foster,41.9828344352,-87.728684246,41.9755349148,-87.7284849951
637,Cicero,51st,55th,41.8003419432,-87.7431700421,41.7930370853,-87.7421614891
917,Michigan,Roosevelt,16th,41.86745208,-87.62442868,41.860205,-87.62423822
367,Western,Bryn Mawr,Peterson,41.9831666552,-87.6892644434,41.9904989723,-87.6894886422
898,Michigan,31st,26th,41.83834404,-87.62305669,41.84564219,-87.62343743
615,Lake Shore Dr,Monroe,Balbo,41.88091881,-87.61767166,41.8732575,-87.61749612
410,79th,Vincennes,State,41.7506044271,-87.6341968458,41.7508298555,-87.6245276216
5,Garfield,Western,Damen,41.7937393759,-87.6840431555,41.7937791103,-87.6743019717
21,Pulaski,103rd,99th,41.7059018917,-87.7207247188,41.7131708566,-87.7210108659
629,Cicero,Irving Park,Sunnyside,41.9534197462,-87.7471183356,41.9622554221,-87.7473906234
19,Pulaski,111th,107th,41.6912676378,-87.7201006039,41.6985611194,-87.7205138378
928,Milwaukee,Division,North Ave,41.9033408608,-87.6662786223,41.9104755299,-87.6773156389
1302,Balbo,Michigan,Lake Shore Dr,41.872992,-87.627565,41.873156,-87.617312
210,North,Elston,Ashland,41.910843339,-87.6621596195,41.9107674921,-87.6676901941
694,Dr Martin L King Jr,51st,47th,41.8021096226,-87.6159748727,41.8093848774,-87.6163943054
72,Pulaski,Archer,55th,41.8023203612,-87.72367443040001,41.793207314,-87.7234089919
762,Harlem,63rd,59th,41.7772906843,-87.8007155573,41.7846875845,-87.8010328293
354,Western,Chicago,Division,41.8957422115,-87.6866589587,41.9030150932,-87.686843103
1189,Clark,Ridge,Ashland,41.9896994841,-87.6701675838,41.987541,-87.66971
334,Western,83rd,79th,41.7428146728,-87.6824960199,41.7501017847,-87.6826639338
1205,Halsted,76th,71st,41.756089,-87.643993,41.765201,-87.644221
176,Garfield,Ashland,Damen,41.7941615692,-87.6645803881,41.7940535229,-87.6742991606
39,Pulaski,Cermak,16th,41.8515455888,-87.7245751041,41.8588673534,-87.7248408908
374,Western,83rd,87th,41.7428167477,-87.6828624247,41.7355283222,-87.6826972175
61,Pulaski,99th,103rd,41.7131747577,-87.7213743744,41.7059057937,-87.7211571147
263,87th,Stony Island,Chicago Skyway,41.7367762597,-87.5856381753,41.7370163155,-87.568873148
77,Pulaski,26th,31st,41.8442580766,-87.72480373110001,41.8368851841,-87.7246009792
170,55th,Pulaski,Kostner,41.7933416014,-87.7231576487,41.7932531887,-87.7329622535
945,Milwaukee,Bryn Mawr,Foster,41.9829168191,-87.7745470464,41.9756560558,-87.7679223953
821,Torrence,112th,107th,41.6919396448,-87.5592792181,41.7009752315,-87.5593916356
363,Western,Irving Park,Montrose,41.9540117081,-87.6882824308,41.9613118159,-87.6884991671
385,Western,Pershing,43rd,41.8229970652,-87.685060202,41.8156969641,-87.6848117907
152,Ashland,Washington,Harrison,41.8833000413,-87.6670550027,41.8742014988,-87.6667825068
977,Pershing,Dan Ryan Expy,Halsted,41.82391453,-87.63050842,41.82359009,-87.64595204
376,Western,Columbus Ave,79th,41.7592331585,-87.6832857301,41.7501038593,-87.6830303802
1054,Washington,Wacker,Michigan,41.883144306,-87.6370264614,41.8831986058,-87.6244239148
1202,Halsted,87th,83rd,41.736073,-87.643376,41.743359,-87.643641
148,Ashland,Cermak,Archer,41.8523321221,-87.6662077421,41.8376849226,-87.6659250887
68,Pulaski,67th,71st,41.7713768755,-87.7228259157,41.7641031795,-87.7226046555
197,North,Narragansett,Oak Park,41.909248873,-87.7849627555,41.9091729382,-87.7948024476
1003,Touhy,Western,Ridge,42.0121628852,-87.6902422854,42.0121053665,-87.6830672906
1034,Wacker,Lake,Madison,41.8857258051,-87.637155382,41.8819163019,-87.6370736078
538,Cermak,Western,Damen,41.8519327365,-87.6856474961,41.8520254222,-87.6758619504
353,Western,Grand,Chicago,41.8906470248,-87.6865108851,41.8957422115,-87.6866589587
288,Irving Park,Kostner,Pulaski,41.9533921986,-87.7380652196,41.9535105845,-87.727618462
611,Lake Shore Dr,18th,Stevenson Expy,41.8579627613,-87.6167859369,41.8489786419,-87.6128230691
229,Roosevelt,Central,Austin,41.8657559551,-87.7643523849,41.8656126532,-87.7741476468
1053,Washington,Halsted,Wacker,41.883031561,-87.647404773,41.883144306,-87.6370264614
535,Cermak,Trumball,Kedzie,41.8515084992,-87.7108780567,41.8517448606,-87.7052185483
260,87th,Dan Ryan Expy,Dr Martin L King Jr,41.7361336678,-87.6254454451,41.7363658213,-87.6145294906
33,Pulaski,Archer,47th,41.802316468,-87.7232409373,41.8078826502,-87.7234560048
801,Stony Island,79th,75th,41.7515184785,-87.5855768194,41.7587831979,-87.585746426
802,Stony Island,75th,71st,41.7587831979,-87.585746426,41.7660854419,-87.5859156196
443,79th,Kedzie,California,41.7495759263,-87.7024160884,41.7497658287,-87.6926391909
172,55th,Kedzie,Central Park,41.793651115,-87.7035527348,41.7934149656,-87.7136045062
776,Peterson,Kostner,Pulaski,41.9898734235,-87.7383865392,41.9900311655,-87.7286566934
331,Western,95th,91st,41.7209382823,-87.6818720444,41.7282286362,-87.6821164908
753,Ewing,96th,95th,41.7213261115,-87.5350520018,41.7229402903,-87.5363594103
329,Western,103rd,99th,41.7063752847,-87.6814372666,41.713672748,-87.6816602454
510,Archer,Laramie,Central,41.79736303,-87.75265489,41.79584859,-87.76240058
230,Roosevelt,Laramie,Central,41.8658505637,-87.7545575569,41.8657559551,-87.7643523849
504,Archer,Damen,Ashland,41.831689289,-87.675372871,41.8375620822,-87.6657812595
238,Roosevelt,Damen,Western,41.8668917757,-87.6762482895,41.8667497479,-87.6860370294
419,79th,State,Vincennes,41.7511042672,-87.6245246027,41.7508788394,-87.6341938681
948,Milwaukee,Touhy,Devon,42.0119685688,-87.8014390602,41.9973530508,-87.7880742452
1151,Harlem,Madison,Chicago,41.8796992839,-87.8045488066,41.8942683013,-87.8051007941
938,Milwaukee,Diversey,Fullerton,41.9319531692,-87.7124336581,41.9247916859,-87.700590308
1254,Halsted,16th,Cermak,41.859912,-87.646897,41.852646,-87.646685
116,Ashland,Roosevelt,Harrison,41.8668604234,-87.6661999959,41.8741993673,-87.6664153537
421,79th,Cottage Grove,Dr Martin L King Jr,41.7513900229,-87.6051881522,41.7512885566,-87.6149102436
534,Cermak,Central Park,Trumball,41.8515013919,-87.715005482,41.8518651209,-87.711157538
403,Western,Irving Park,Addison,41.954013773,-87.6886500432,41.9467318416,-87.6884415055
306,Irving Park,Laramie,Central,41.9534369276,-87.7571464847,41.953321789,-87.7669985006
641,Cicero,Harrison,Roosevelt,41.8731401541,-87.7451745689,41.8659087662,-87.7449438098
690,Dr Martin L King Jr,67th,63rd,41.7729467839,-87.615233728,41.7801815775,-87.6154529143
593,Lake Shore Dr,Division,North Ave,41.9039960653,-87.6242873281,41.9113301795,-87.6257810568
1213,Halsted,43rd,Pershing,41.816184,-87.645535,41.823458,-87.645736
359,Western,Kennedy Expy,Diversey,41.9279807743,-87.6875661231,41.9321780939,-87.6876989484
715,Dr Martin L King Jr,Pershing,43rd,41.823826979,-87.6171719977,41.816636783,-87.6169661907
1266,Halsted,Addison,Belmont,41.947316,-87.649676,41.939979,-87.649457
193,North,Ashland,Elston,41.9104930855,-87.6676930451,41.9105689327,-87.6621624942
356,Western,North Ave,Milwaukee,41.9103198343,-87.6870370163,41.9168043897,-87.6872050148
759,Grand,Columbus,Michigan,41.891798492,-87.6202037576,41.8917303986,-87.6241461501
124,Ashland,Fullerton,Diversey,41.9251505156,-87.6679620918,41.932402477,-87.668210266
693,Dr Martin L King Jr,Garfield,51st,41.7946755473,-87.615791142,41.8021096226,-87.6159748727
1062,Washington,1550 West,Ashland,41.8831805916,-87.6648232007,41.8834361798,-87.6668699742
27,Pulaski,79th,71st,41.7495695299,-87.7217311602,41.7640992823,-87.7223094048
247,55th,Narragansett,Austin,41.7922117726,-87.7818067839,41.7924052792,-87.77206742
181,Garfield,Dr Martin L King Jr,State,41.7949380152,-87.6159795443,41.7947803916,-87.6256995376
628,Cicero,Addison,Irving Park,41.9461190053,-87.7468692152,41.9534197462,-87.7471183356
840,Harlem,Belmont,Diversey,41.9379889583,-87.8069118722,41.9308138672,-87.8066529833
82,Pulaski,Washington,Van Buren,41.8819403523,-87.7259576089,41.8752792694,-87.7257294016
789,Peterson,Western,California,41.9906579206,-87.6896910614,41.9905751568,-87.6993974307
207,North,Western,California,41.9104580718,-87.6872193134,41.9103545465,-87.6970334998
47,Pulaski,Grand,North Ave,41.9061550576,-87.7262240305,41.9098857185,-87.7261823777
514,Archer,47th,Pulaski,41.80803564,-87.71403459,41.80245859,-87.72348218
1260,Halsted,Division,Chicago,41.903636,-87.648284,41.896397,-87.647935
1233,Halsted,103rd,107th,41.706916,-87.643023,41.69964,-87.642797
488,111th,Michigan,Stewart,41.6927563144,-87.6210363283,41.6925984414,-87.6329215921
674,Ramp To Cermak Rd,31st,26th,41.8382721184,-87.6302516413,41.8455540437,-87.6309237336
449,79th,California,Kedzie,41.7500402444,-87.6926364622,41.7498503425,-87.7024134014
254,87th,California,Western,41.7352455091,-87.6922007563,41.7353900769,-87.682515421
508,Archer,Austin,Narragansett,41.79434225,-87.77208033,41.79250221,-87.78178721
705,Dr Martin L King Jr,79th,83rd,41.751121301,-87.6151773651,41.7438113955,-87.6149257801
622,Lake Shore Dr,North Ave,Division,41.9113324426,-87.6261484121,41.9039983328,-87.6246546523
961,Ontario,Michigan,State,41.8933239978,-87.6242206362,41.8932683712,-87.6281107904
935,Milwaukee,North Ave,Division,41.9104776279,-87.6776829823,41.903342994,-87.666645935
430,95th,Michigan,Dr Martin L King Jr,41.721636209,-87.6205342482,41.7217473,-87.6140942229
835,Harlem,Archer,59th,41.7919400348,-87.8017113077,41.7846892828,-87.801399484
25,Pulaski,87th,83rd,41.7348566529,-87.7212449539,41.742178062,-87.7215654587
949,Washington,Western,California,41.8831334079,-87.686483181,41.8830349349,-87.696333691
1187,Sheridan,Touhy,Pratt,42.0128310075,-87.6636373596,42.0055411356,-87.6611036606
314,Irving Park,Damen,Western,41.9542941404,-87.6787529076,41.9541499435,-87.6884648539
54,Pulaski,Elston,Lawrence,41.9596128313,-87.7276052579,41.9682413338,-87.7279253868
596,Lake Shore Dr,Diversey,Belmont,41.9334256266,-87.6318545747,41.9403841461,-87.6382223471
6,Garfield,Damen,Ashland,41.7937791103,-87.6743019717,41.7938871572,-87.6645832406
509,Archer,Central,Austin,41.79584859,-87.76240058,41.79434225,-87.77208033
396,Western,North Ave,Division,41.9103219014,-87.6874043778,41.9030171606,-87.6872104227
427,95th,Racine,Halsted,41.7211522049,-87.6529452354,41.7213210669,-87.6432247623
312,Irving Park,California,Kedzie,41.9541110923,-87.6982391845,41.9540569195,-87.7080135337
366,Western,Foster,Bryn Mawr,41.97589051,-87.6889668295,41.9831666552,-87.6892644434
495,Archer,Central,Laramie,41.7955741737,-87.7624030192,41.7970886104,-87.7526573727
191,North,Western,Damen,41.9101836642,-87.6872220807,41.9103355405,-87.6775874547
1199,Halsted,99th,95th,41.714215,-87.642814,41.721458,-87.643022
558,Cermak,State,Stewart,41.8529986469,-87.6270517604,41.8529600788,-87.6369249316
531,Cermak,City Boundary,Kostner,41.851235056,-87.7394692786,41.8513081643,-87.7345102484
589,Lake Shore Dr,Randolph,Grand,41.88438769,-87.61386137,41.8918983,-87.61390637
1029,Wacker,State,Michigan,41.8866764518,-87.6279765117,41.888028878,-87.6245792239
591,Lake Shore Dr,Grand,Oak St,41.8918983,-87.61390637,41.90097877,-87.61952598
642,Cicero,Madison,Harrison,41.8804965805,-87.7454413862,41.8731401541,-87.7451745689
783,Peterson,Cicero,Edens Expy,41.9900367205,-87.7483246455,41.9902977051,-87.7506659344
332,Western,91st,87th,41.7282286362,-87.6821164908,41.7355262471,-87.6823308541
286,Irving Park,Laramie,Cicero,41.9531625184,-87.7571489562,41.9532811726,-87.7473061296
302,Irving Park,Oak Park,Harlem,41.9528801018,-87.7962712058,41.9529000914,-87.807259682
38,Pulaski,26th,Cermak,41.8442541875,-87.7243697591,41.8515455888,-87.7246442132
446,79th,Damen,Ashland,41.7501431365,-87.6730852477,41.7502908262,-87.6634715402
1242,Halsted,67th,71st,41.772472,-87.644787,41.765201,-87.644601
1035,Wacker,Franklin,Lake,41.886856376,-87.635626816,41.8857258051,-87.637155382
703,Dr Martin L King Jr,87th,91st,41.7365015302,-87.6146742766,41.7291923898,-87.6145559778
1240,Halsted,76th,79th,41.756089,-87.644373,41.750643,-87.644233
1038,Wacker,Michigan,State,41.8883032777,-87.6245761907,41.8869508682,-87.627973493
1294,State,Congress,Wacker,41.875639,-87.627518,41.886813,-87.627876
652,Cicero,Irving Park,Addison,41.9534216145,-87.7474859561,41.9461208905,-87.7472367862
455,79th,Vincennes,Halsted,41.7508788394,-87.6341938681,41.7507752434,-87.6439701738
444,79th,California,Western,41.7497658287,-87.6926391909,41.7499136183,-87.6827540461
1218,Halsted,Cermak,16th,41.852646,-87.646305,41.859912,-87.646517
45,Pulaski,Chicago,Division,41.8953666789,-87.7258968524,41.9026704832,-87.7261884496
552,Cermak,Western,California,41.8522071469,-87.6856447314,41.852014774,-87.695431287
947,Milwaukee,Devon,Peterson,41.9973530508,-87.7880742452,41.9901963992,-87.7812184608
14,55th,Austin,Mobile,41.7926796968,-87.772065026,41.7924861906,-87.77935
319,Irving Park,Lake Shore Dr,Clarendon,41.9547947184,-87.6445615662,41.9546984352,-87.6496983683
1280,Columbus,Randolph,Illinois,41.884414,-87.620542,41.891002,-87.620124
1028,Wacker,LaSalle,State,41.8867920358,-87.6324858898,41.8866764518,-87.6279765117
1124,Cicero,95th,87th,41.7201471215,-87.7406249198,41.7344603497,-87.740933
489,111th,Cottage Grove,Michigan,41.6929008891,-87.6098539827,41.6927563144,-87.6210363283
1210,Halsted,55th,51st,41.794301,-87.64497,41.801585,-87.645156
713,Dr Martin L King Jr,47th,51st,41.809387166,-87.6167610807,41.8021119123,-87.6163416247
1025,Wacker,Madison,Lake,41.8819140751,-87.6367064128,41.8857235783,-87.6367881652
351,Western,Van Buren,Washington,41.8760825857,-87.6860859175,41.8829951691,-87.6863009624
1224,Halsted,Chicago,Division,41.896397,-87.647555,41.903636,-87.647904
719,Dr Martin L King Jr,24th,26th,41.8493409786,-87.6185005579,41.8456997096,-87.6176590907
1283,Fairbanks,Chicago,Illinois,41.896785,-87.620469,41.891002,-87.620324
161,Ashland,Addison,Belmont,41.9469911788,-87.6690419162,41.9396975636,-87.6688454399
805,Stony Island,63rd,59th,41.7806524044,-87.5862545245,41.7878796071,-87.5864754787
892,Lake Shore Dr,Addison,Belmont,41.9486508165,-87.6435427315,41.9403863706,-87.6385898812
568,Cicero,55th,51st,41.793035195,-87.7417947979,41.8003400449,-87.7428033166
775,Peterson,Cicero,Kostner,41.9897623135,-87.7483271581,41.9898734235,-87.7383865392
477,111th,Western,Monterey,41.6916347471,-87.6811681063,41.6917886141,-87.6705815418
1026,Wacker,Lake,Franklin,41.8857235783,-87.6367881652,41.8868541443,-87.6352595929
1249,Halsted,Pershing,43rd,41.823458,-87.646116,41.816184,-87.645915
379,Western,63rd,67th,41.7792170504,-87.6838226552,41.7719786518,-87.6836275216
1292,State,Roosevelt,Congress,41.867413,-87.627318,41.875639,-87.627518
171,55th,Central Park,Pulaski,41.7934149656,-87.7136045062,41.7933416014,-87.7231576487
394,Western,Chicago,Grand,41.8957442792,-87.6870262366,41.8906490928,-87.6868781339
807,Stony Island,95th,103rd,41.7223487458,-87.5853170018,41.7077704152,-87.5860949813
689,Dr Martin L King Jr,71st,67th,41.7657125565,-87.6151145145,41.7729467839,-87.615233728
890,Lake Shore Dr,Diversey,Fullerton,41.9334278712,-87.6322220647,41.9260849848,-87.6313938932
46,Pulaski,Division,Grand,41.9026704832,-87.7261192748,41.9061550576,-87.7262570347
404,Western,Montrose,Irving Park,41.9613138803,-87.6888668215,41.954013773,-87.6886500432
486,111th,Halsted,Racine,41.6925071489,-87.6423633676,41.6923840472,-87.6521355509
968,Pershing,Ashland,Halsted,41.82307531,-87.66551,41.82339009,-87.64595204
190,North,California,Western,41.9100801383,-87.6970362251,41.9101836642,-87.6872220807
823,Torrence,103rd,99th,41.7081667435,-87.5594825555,41.7154042389,-87.5595922635
975,Pershing,Ashland,Damen,41.82327531,-87.66551,41.82324972,-87.67507424
168,Irving Park,Cumberland,Pacific,41.9519145079,-87.8367125529,41.9521088985,-87.8269783644
1253,Halsted,Cermak,Archer,41.852646,-87.646685,41.847196,-87.646677
221,Roosevelt,California,Western,41.8663734623,-87.6959088534,41.8664753382,-87.6860397975
408,Western,Peterson,Bryn Mawr,41.9905010348,-87.6898564646,41.983168718,-87.6896322236
1307,Clark,Harrison,Roosevelt,41.874521,-87.630774,41.867374,-87.630536
378,Western,67th,71st,41.7719786518,-87.6836275216,41.76470325,-87.6834259477
899,Michigan,26th,Cermak,41.84564219,-87.62343743,41.85285485,-87.62360876
103,Ashland,71st,67th,41.7649079607,-87.663612718,41.7721909488,-87.6638378447
1293,State,Congress,Roosevelt,41.875639,-87.627718,41.867413,-87.627518
893,Lake Shore Dr,Irving Park,Addison,41.9546587304,-87.644948865,41.9486508165,-87.6435427315
414,79th,Woodlawn,Stony Island,41.7511752428,-87.5954153468,41.7513164293,-87.5858011703
292,Irving Park,California,Western,41.9538366862,-87.6982419087,41.9538755379,-87.6884676201
451,79th,Damen,Western,41.750417551,-87.6730824357,41.7501880334,-87.6827512753
1203,Halsted,83rd,79th,41.743359,-87.643641,41.750643,-87.643853
874,LaSalle,Division,North Ave,41.9038817979,-87.6327323363,41.9111587862,-87.632960514
564,Cicero,72nd,67th,41.7618981214,-87.741598945,41.7711254297,-87.7418663731
261,87th,Dr Martin L King Jr,Cottage Grove,41.7363658213,-87.6145294906,41.7365122036,-87.6048243845
752,Ewing,Indianapolis,96th,41.71281167,-87.5350924196,41.7213261115,-87.5350520018
51,Pulaski,Diversey,Milwaukee,41.9317893922,-87.726794963,41.9411668426,-87.7271516758
881,LaSalle,North Ave,Division,41.9111610262,-87.6333278653,41.9038840385,-87.6330996716
131,Ashland,Foster,Bryn Mawr,41.9761710709,-87.6694299012,41.9834747775,-87.6696322417
1219,Halsted,16th,Roosevelt,41.859912,-87.646517,41.867152,-87.646729
344,Western,43rd,Pershing,41.8156948926,-87.6844449706,41.8229949942,-87.6846933402
854,Higgins,Central,Milwaukee,41.970196534,-87.7675633518,41.968577405,-87.7614792272
1132,Cicero,31st,Pershing,41.8367473974,-87.7439318058,41.8221415535,-87.7437722696
388,Western,Cermak,31st,41.852032941,-87.6858237771,41.8390750509,-87.6854062799
424,95th,Western,Damen,41.7208280858,-87.6820597144,41.7208895929,-87.6727283985
1271,Madison,Halsted,Racine,41.881876,-87.647361,41.881715,-87.657142
867,Jefferson,Madison,Randolph,41.8817855514,-87.6424565074,41.8844837459,-87.6426207291
466,95th,Halsted,Racine,41.7215954811,-87.6432218261,41.7214266197,-87.6529423406
922,Michigan,Ohio,Randolph,41.892571,-87.624359,41.88447407,-87.62465
1228,Halsted,Fullerton,Diversey,41.925454,-87.64857,41.932719,-87.64882
1305,Harrison,State,Canal,41.874652,-87.627611,41.874538,-87.639487
511,Archer,Cicero,Laramie,41.79877485,-87.74290093,41.79736303,-87.75265489
469,95th,Dr Martin L King Jr,Michigan,41.7220217125,-87.6140911627,41.7219106219,-87.6205312155
646,Cicero,North Ave,Division,41.9096295855,-87.7462702262,41.9023434231,-87.746169799
184,87th,Pulaski,Central Park,41.7347180742,-87.7214579641,41.7348842334,-87.7119953299
337,Western,71st,67th,41.764701176,-87.6830594183,41.7719765782,-87.6832609507
387,Western,31st,Archer,41.8390750509,-87.6854062799,41.8259389558,-87.6850859812
1222,Halsted,Madison,Grand,41.881776,-87.647171,41.891185,-87.647427
276,87th,Cottage Grove,Dr Martin L King Jr,41.7367866148,-87.6048212832,41.7366402331,-87.6145264307
560,Cermak,Michigan,State,41.852991,-87.623818,41.8529986469,-87.6270517604
389,Western,18th,Cermak,41.857516,-87.685945,41.852032941,-87.6858237771
900,Michigan,Cermak,16th,41.85285485,-87.62360876,41.860205,-87.62377822
691,Dr Martin L King Jr,63rd,59th,41.7801815775,-87.6154529143,41.7875159099,-87.6156377043
227,Roosevelt,Jefferson,Clark,41.8670824586,-87.6421893317,41.8672367835,-87.6304367047
1,55th,Pulaski,Central Park,41.7930671862,-87.7231602513,41.793140551,-87.7136071496
866,Jefferson,Harrison,Madison,41.8743970981,-87.6422453799,41.8817855514,-87.6424565074
74,Pulaski,43rd,47th,41.815198411,-87.7241121224,41.8078865428,-87.7238367819
587,Lake Shore Dr,Monroe,Randolph,41.8809165183,-87.6173044795,41.8843876871,-87.6138613722
456,95th,Dr Martin L King Jr,Cottage Grove,41.7217473,-87.6140942229,41.7219515062,-87.6045043683
738,Milwaukee,Diversey,Belmont,41.9319511814,-87.7120661817,41.9391405545,-87.72376658
333,Western,87th,83rd,41.7355262471,-87.6823308541,41.7428146728,-87.6824960199
113,Ashland,Archer,Cermak,41.8376827898,-87.6655581444,41.8523299896,-87.6658407141
582,Lake Shore Dr,I-55 Expy,18th,41.848976339,-87.6124560681,41.8579604705,-87.6164188659
638,Cicero,47th,51st,41.8076284928,-87.7433257794,41.8003419432,-87.7431700421
1052,Washington,Racine,Halsted,41.8829113042,-87.6566669933,41.883031561,-87.647404773
976,Pershing,Halsted,Ashland,41.82359009,-87.64595204,41.82327531,-87.66551
913,Michigan,Cermak,26th,41.85285485,-87.62410876,41.84564219,-87.62390743
220,Roosevelt,Kedzie,California,41.8662681014,-87.7056705433,41.8663734623,-87.6959088534
1063,Washington,Ashland,Damen,41.8834361798,-87.6668699742,41.8832841185,-87.6766889546
530,Caldwell,Edens Expy,Central,41.99028834,-87.75093868,41.996247,-87.764172
914,Michigan,16th,Cermak,41.860205,-87.62423822,41.85285485,-87.62410876
242,Roosevelt,Jefferson,Halsted,41.8673568658,-87.6421863761,41.867291304,-87.6469168821
1296,State,Wacker,Chicago,41.886813,-87.627876,41.896677,-87.628098
362,Western,Addison,Irving Park,41.9467297764,-87.6880739349,41.9540117081,-87.6882824308
570,Cicero,47th,43rd,41.8076266165,-87.7429589865,41.8149300238,-87.7431516294
609,Lake Shore Dr,31st,Oakwood,41.8385740621,-87.6085348206,41.8252995274,-87.6005593398
411,79th,State,Dr Martin L King Jr,41.7508298555,-87.6245276216,41.7510141454,-87.6149133035
265,87th,Pulaski,Kostner,41.734992492,-87.7214553595,41.7348268186,-87.7311593177
927,Milwaukee,Chicago,Division,41.8962333529,-87.6551983919,41.9033408608,-87.6662786223
189,North,Kedzie,California,41.909978124,-87.7069618067,41.9100801383,-87.6970362251
473,95th,Jeffery,Stony Island,41.7226422935,-87.5753648927,41.7224793067,-87.5851058414
138,Ashland,67th,71st,41.7721930844,-87.6642044154,41.7649100967,-87.6639792472
598,Lake Shore Dr,Addison,Irving Park,41.9486486075,-87.643175157,41.9546565256,-87.6445812375
1288,Chicago,LaSalle,Halsted,41.896714,-87.632709,41.896497,-87.647745
34,Pulaski,47th,43rd,41.8078826502,-87.7234032253,41.8151945196,-87.7237477951
43,Pulaski,Washington,Lake,41.8819364677,-87.7255232056,41.8854658549,-87.7256546637
1204,Halsted,79th,76th,41.750643,-87.643853,41.756089,-87.643993
235,Roosevelt,Kedzie,Central Park,41.8665425122,-87.7056678592,41.8664270139,-87.7154194668
597,Lake Shore Dr,Belmont,Addison,41.9403841461,-87.6382223471,41.9486486075,-87.643175157
26,Pulaski,83rd,79th,41.742178062,-87.7214959848,41.7495695299,-87.721801291
98,Ashland,95th,91st,41.7212141057,-87.6625002738,41.7284810983,-87.6626684166
439,79th,Cicero,Kostner,41.7490103326,-87.7413290513,41.7492038321,-87.7316066149
716,Dr Martin L King Jr,35th,Pershing,41.831103063,-87.6173371439,41.823826979,-87.6171719977
126,Ashland,Belmont,Addison,41.939695436,-87.6684779112,41.9469890515,-87.6686743455
89,Pulaski,Fullerton,Armitage,41.9244868661,-87.7270197528,41.917169067,-87.7268100624
338,Western,67th,63rd,41.7719765782,-87.6832609507,41.7792149771,-87.6834560431
606,Lake Shore Dr,47th,51st,41.8107941007,-87.5892857918,41.8027405099,-87.5817584885
525,Caldwell,Devon,Central,41.997302901,-87.7668773678,41.9961393528,-87.7643967598
125,Ashland,Diversey,Belmont,41.932402477,-87.668210266,41.939695436,-87.6684779112
933,Milwaukee,Chicago,Kinzie,41.8962355211,-87.6555656519,41.8890222586,-87.6445003767
340,Western,59th,55th,41.786527685,-87.6836472764,41.793875546,-87.6838584229
688,Dr Martin L King Jr,75th,71st,41.7584029267,-87.6148962271,41.7657125565,-87.6151145145
78,Pulaski,Cermak,26th,41.8515494772,-87.7250091595,41.8442580766,-87.72480373110001
492,Monterey,Vincennes,111th,41.692177,-87.663494,41.6920654143,-87.6704818022
911,Michigan,Ohio,Lake Shore Dr Michigan Entrance Ramp,41.892571,-87.623997,41.90082865,-87.62393627
551,Cermak,California,Kedzie,41.852014774,-87.695431287,41.852019272,-87.7052158636
1229,Halsted,Diversey,Belmont,41.932719,-87.64882,41.939979,-87.649077
7,Garfield,Ashland,Racine,41.7938871572,-87.6645832406,41.7940346735,-87.6548756951
861,Illinois,LaSalle,State,41.890802544,-87.6325588172,41.8908659481,-87.6280379804
465,95th,Racine,Ashland,41.7214266197,-87.6529423406,41.7213323658,-87.6626317556
151,Ashland,Harrison,Roosevelt,41.8742014988,-87.6667825068,41.8668625554,-87.6665671071
571,Cicero,43rd,Pershing,41.8149300238,-87.7431516294,41.8220475654,-87.7433645658
873,LaSalle,Chicago,Division,41.8966118812,-87.6325348871,41.9038817979,-87.6327323363
1118,111th,Western,Kedzie,41.6919163675,-87.6811537636,41.6917049977,-87.7008263623
440,79th,Kostner,Pulaski,41.7492038321,-87.7316066149,41.7493965084,-87.72188413
546,Cermak,Kostner,City Boundary,41.8515825772,-87.7345076889,41.8515094693,-87.7394667587
1055,Randolph,Lake Shore Dr,Columbus,41.8845180727,-87.6143562664,41.8846520046,-87.6206419402
140,Ashland,59th,63rd,41.7867479054,-87.6645778209,41.7794656394,-87.6644040713
604,Lake Shore Dr,55th,57th,41.7952204517,-87.5793749691,41.7924190294,-87.5804845631
1104,Cermak,Cicero,Central,41.8514803382,-87.7442663916,41.851385,-87.763913
1255,Halsted,Roosevelt,16th,41.867152,-87.647109,41.859912,-87.646897
4,55th,California,Western,41.7935536023,-87.693799302,41.7937393759,-87.6840431555
804,Stony Island,67th,63rd,41.7733498484,-87.5860344826,41.7806524044,-87.5862545245
806,Stony Island,59th,57th,41.7878796071,-87.5864754787,41.7915685714,-87.5865342813
972,Pershing,Dr Martin L King Jr,Cottage Grove,41.82387853,-87.61699842,41.82387853,-87.60689442
118,Ashland,Washington,Grand,41.8832979102,-87.6666877975,41.8909763311,-87.6669590125
2,55th,Central Park,Kedzie,41.793140551,-87.7136071496,41.7933767009,-87.7035554211
1299,LaSalle,Wacker,Jackson,41.886928,-87.632584,41.878134,-87.632357
275,87th,Dr Martin L King Jr,Dan Ryan Expy,41.7366402331,-87.6145264307,41.736485,-87.624761
942,Milwaukee,Montrose,Irving Park,41.960634303,-87.7546730264,41.9534196096,-87.7474711222
70,Pulaski,59th,63rd,41.7859394995,-87.7232114423,41.7786611581,-87.7230100127
501,Archer,Kedzie,California,41.8139891446,-87.7042605902,41.8198633558,-87.6944855458
886,Lake Shore Dr,57th,55th,41.7924166257,-87.580117873,41.7952180444,-87.5790082777
346,Western,Archer,31st,41.8259368847,-87.6847191026,41.8390729803,-87.6850393262
632,Cicero,72nd,79th,41.7619000085,-87.7419654588,41.7492033545,-87.7416296756
803,Stony Island,71st,67th,41.7660854419,-87.5859156196,41.7733498484,-87.5860344826
852,Higgins,Nagle,Austin,41.9761210286,-87.787859013,41.9730538829,-87.7782373882
980,Pershing,Cottage Grove,Dr Martin L King Jr,41.82407853,-87.60689442,41.82407853,-87.61699842
760,Grand,Lake Shore Dr,Columbus,41.89189994,-87.6142179735,41.891798492,-87.6202037576
93,Pulaski,Elston,Irving Park,41.9596167084,-87.72804055270001,41.9536506962,-87.72786858250001
842,Harlem,Forest Preserve Ave,Addison,41.9538807636,-87.8074731902,41.9452646537,-87.8071886569
1286,Chicago,Michigan,LaSalle,41.896835,-87.624241,41.896714,-87.632709
104,Ashland,67th,63rd,41.7721909488,-87.6638378447,41.7794635041,-87.6640374592
62,Pulaski,95th,99th,41.7205390182,-87.7215908065,41.7131747577,-87.7213743744
950,Washington,California,Kedzie,41.8830349349,-87.696333691,41.8829315251,-87.7061691246
327,Western,111th,107th,41.6917781183,-87.6809720935,41.6990779218,-87.6812046376
209,North,Ashland,Damen,41.9107674921,-87.6676901941,41.9106099476,-87.6775846462
827,Milwaukee,Bryn Mawr,Peterson,41.9829150282,-87.774179251,41.9901946296,-87.7808506377
1291,Chicago,Milwaukee,Halsted,41.896167,-87.655452,41.896297,-87.647745
1259,Halsted,Chicago,Grand,41.896397,-87.647935,41.891185,-87.647807
94,Pulaski,Lawrence,Elston,41.96824521,-87.728279105,41.9596167084,-87.72804055270001
248,55th,Austin,Central,41.79240528,-87.77206742,41.79240528,-87.76223503
294,Irving Park,Damen,Ashland,41.9540197354,-87.6787557154,41.9541531514,-87.6690502851
192,North,Damen,Ashland,41.9103355405,-87.6775874547,41.9104930855,-87.6676930451
844,Harlem,Bryn Mawr,Foster,41.9827784576,-87.8071231837,41.9754681394,-87.8072020843
986,Torrence,103rd,107th,41.7081692089,-87.5598487355,41.700977697,-87.5597578004
1186,Sheridan,Pratt,Devon,42.0055411356,-87.6611036606,41.9982097226,-87.6605728465
1125,Cicero,Pershing,31st,41.82213967,-87.7434054086,41.8367455138,-87.7435648614
274,87th,Dan Ryan Expy,Halsted,41.736485,-87.624761,41.7364152726,-87.6436255734
97,Pulaski,Peterson,Bryn Mawr,41.9901383429,-87.7288919771,41.9828344352,-87.728684246
826,Milwaukee,Foster,Bryn Mawr,41.975654244,-87.7675546457,41.9829150282,-87.774179251
595,Lake Shore Dr,Fullerton,Diversey,41.9260827378,-87.6310264345,41.9334256266,-87.6318545747
259,87th,Halsted,Dan Ryan Expy,41.736140859,-87.6436285094,41.7361336678,-87.6254454451
426,95th,Ashland,Racine,41.7210579504,-87.6626346092,41.7211522049,-87.6529452354
513,Archer,Pulaski,Kostner,41.80245859,-87.72348218,41.80029696,-87.73316995
625,Cicero,Fullerton,Diversey,41.9242304183,-87.7460848509,41.9315315648,-87.7464081568
384,Western,43rd,47th,41.8156969641,-87.6848117907,41.8084267863,-87.684608746
454,79th,Halsted,Racine,41.7507752434,-87.6439701738,41.7505891635,-87.6536930095
592,Lake Shore Dr,Oak St,Division,41.9009787676,-87.6195259779,41.9039960653,-87.6242873281
939,Milwaukee,Belmont,Diversey,41.9391425051,-87.7241340948,41.9319531692,-87.7124336581
1059,Randolph,Halsted,Racine,41.8844304739,-87.6474313736,41.8842675466,-87.6567189866
779,Peterson,Jersey,California,41.9902451513,-87.7111114564,41.9903007523,-87.6994001534
888,Lake Shore Dr,51st,47th,41.8027381099,-87.5813917503,41.8107917244,-87.5889190144
277,87th,Stony Island,Cottage Grove,41.7370506698,-87.5856349924,41.7367866148,-87.6048212832
188,North,Central Park,Kedzie,41.9098569484,-87.7167020015,41.909978124,-87.7069618067
527,Caldwell,Mendota,Touhy,42.00481724,-87.78226252,42.0119672,-87.78850216
519,Archer,Ashland,Damen,41.83783649,-87.66577839,41.8319637,-87.67537005
1232,Halsted,107th,111th,41.69964,-87.642797,41.692355,-87.642567
136,Ashland,79th,83rd,41.7503581457,-87.663620583,41.7430778317,-87.6634347632
55,Pulaski,Lawrence,Foster,41.9682413338,-87.727843711,41.9755310394,-87.7281185167
448,79th,Racine,Halsted,41.7503147501,-87.6536959041,41.7505008306,-87.6439731098
772,Milwaukee,Addison,Irving Park,41.9462431643,-87.7354431617,41.9534177331,-87.7471035018
178,Garfield,Halsted,Racine,41.7944390571,-87.6451588943,41.7943090849,-87.6548728011
99,Ashland,91st,87th,41.7284810983,-87.6626684166,41.7357887154,-87.6628819511
545,Cermak,State,Michigan,41.8527242399,-87.6270547792,41.852665046,-87.623799
809,Stony Island,87th,91st,41.7369158383,-87.5856049147,41.729613558,-87.5854357956
208,North,Damen,Western,41.9106099476,-87.6775846462,41.9104580718,-87.6872193134
349,Western,18th,Roosevelt,41.857496,-87.685797,41.8666115084,-87.6858548579
244,Roosevelt,Lake Shore Dr,Clark,41.8676400592,-87.6189600374,41.86751119,-87.6304336988
634,Cicero,63rd,67th,41.7784116409,-87.7424812354,41.7711273217,-87.7422329321
428,95th,Halsted,Wentworth,41.7213210669,-87.6432247623,41.7215727836,-87.628638933
608,Lake Shore Dr,Oakwood,43rd,41.8252995274,-87.6005593398,41.8169377172,-87.5950563226
517,Archer,Western,California,41.82615333,-87.68489325,41.82013776,-87.69448283
86,Pulaski,Grand,Division,41.9061589395,-87.7266587113,41.9026743655,-87.72655391580001
1273,Madison,Racine,Ashland,41.881715,-87.657142,41.881554,-87.666802
683,Dr Martin L King Jr,95th,91st,41.7218553843,-87.6139718105,41.7291900977,-87.6141896483
1192,Dr Martin L King Jr,24th,Cermak,41.8493482767,-87.6181586591,41.8530007099,-87.619411
1060,Randolph,Racine,Ogden,41.8842675466,-87.6567189866,41.8842641098,-87.6633319571
796,Stony Island,103rd,95th,41.7077680335,-87.5857288013,41.722346361,-87.5849507392
84,Pulaski,Chicago,Lake,41.8953705621,-87.72633140960001,41.8854697391,-87.7260556696
500,Archer,47th,Kedzie,41.8077612143,-87.7140372137,41.8139891446,-87.7042605902
1238,Halsted,83rd,87th,41.743359,-87.644021,41.736073,-87.643756
601,Lake Shore Dr,Lawrence,Foster,41.9694037972,-87.6477852109,41.9765945008,-87.6502830414
1018,Touhy,California,Kedzie,42.0122507875,-87.6997439031,42.0119940558,-87.7090540535
143,Ashland,47th,51st,41.8086055077,-87.6651559056,41.8013192816,-87.6649598466
864,Illinois,Columbus,Lake Shore Dr,41.8910035937,-87.6202254172,41.8911049219,-87.6142290945
304,Irving Park,Austin,Narragansett,41.9531933493,-87.7767736096,41.9530537114,-87.7865583352
670,Cumberland,Lawrence,Kennedy Expy,41.9666029184,-87.8364657943,41.9842190562,-87.8363972163
721,Elston,North Ave,Ashland,41.9107515338,-87.6620211809,41.9186224793,-87.66795526
712,Dr Martin L King Jr,51st,Garfield,41.8021119123,-87.6163416247,41.7946778372,-87.6161578443
1058,Randolph,Wacker,Halsted,41.8845986991,-87.637068542,41.8844304739,-87.6474313736
1290,Chicago,Halsted,Milwaukee,41.896497,-87.647745,41.896367,-87.655452
1126,Cicero,31st,Cermak,41.8367455138,-87.7435648614,41.8512433072,-87.7440666919
860,Higgins,Milwaukee,Central,41.9688518136,-87.7614767729,41.9704709429,-87.7675609235
644,Cicero,Chicago,Kinzie,41.8949874728,-87.7459957206,41.8879223958,-87.7457075823
1220,Halsted,Roosevelt,Harrison,41.867152,-87.646729,41.874338,-87.646935
107,Ashland,55th,51st,41.7940232957,-87.6643984668,41.8013171472,-87.6645931099
212,North,LaSalle,Halsted,41.9112994848,-87.6331493782,41.9110568232,-87.6482701057
1246,Halsted,51st,55th,41.801585,-87.645536,41.794301,-87.64535
272,87th,Racine,Ashland,41.7360725783,-87.6533387061,41.7359269914,-87.6630637062
496,Archer,Laramie,Cicero,41.7970886104,-87.7526573727,41.7985004459,-87.7429034455
224,Roosevelt,Ashland,Racine,41.8667242852,-87.6663849776,41.8668594116,-87.6566826727
358,Western,Fullerton,Kennedy Expy,41.9248996489,-87.68745819,41.9279807743,-87.6875661231
59,Pulaski,107th,111th,41.6985650226,-87.7208769338,41.6912715426,-87.7205328337
460,95th,Jeffery,Torrence,41.7223678834,-87.5753681177,41.7225670698,-87.5598741328
452,79th,Ashland,Damen,41.7505652402,-87.6634686872,41.750417551,-87.6730824357
320,North,Harlem,Oak Park,41.9087289094,-87.8057602459,41.9088985252,-87.794804754
627,Cicero,Belmont,Addison,41.9388186376,-87.7466944859,41.9461190053,-87.7468692152
315,Irving Park,Ashland,Damen,41.954427556,-87.6690474356,41.9542941404,-87.6787529076
685,Dr Martin L King Jr,87th,83rd,41.7364992381,-87.6143079092,41.743809104,-87.6145593931
1099,Cermak,Ridgeland,Central,41.8507279962,-87.7834806928,41.8507279962,-87.7634806928
300,Irving Park,Oriole,Pacific,41.9526813472,-87.8170647549,41.9523833109,-87.8269761925
1001,Touhy,Kedzie,California,42.0117196518,-87.7090567368,42.0119763841,-87.6997466265
576,Cicero,Chicago,Division,41.8949856048,-87.7456284502,41.9023415361,-87.7458024865
173,55th,California,Kedzie,41.7938280159,-87.6937965741,41.793651115,-87.7035527348
308,Irving Park,Kostner,Cicero,41.9536666068,-87.7380626662,41.9535555813,-87.7473036159
90,Pulaski,Diversey,Fullerton,41.9317932724,-87.72722993800001,41.9244868661,-87.7270197528
491,Monterey,111th,Vincennes,41.6917909971,-87.6704846195,41.692013,-87.663346
226,Roosevelt,Halsted,Jefferson,41.8670168965,-87.6469198175,41.8670824586,-87.6421893317
808,Stony Island,91st,95th,41.729613558,-87.5854357956,41.7223487458,-87.5853170018
908,Michigan,Randolph,Ohio,41.88447407,-87.62426376,41.892571,-87.623997
85,Pulaski,Division,Chicago,41.9026743655,-87.72655391580001,41.8953705621,-87.72633140960001
577,Cicero,Division,North Ave,41.9023415361,-87.7458024865,41.9096276932,-87.7459028831
255,87th,Western,Damen,41.7353900769,-87.682515421,41.7355171745,-87.6727864295
533,Cermak,Pulaski,Central Park,41.8514551447,-87.7248565497,41.8515013918,-87.715005471
572,Cicero,Roosevelt,Harrison,41.8659068958,-87.7445766986,41.8731382595,-87.7448074201
921,Michigan,Randolph,Congress,41.88447407,-87.62465,41.875777,-87.624605
1243,Halsted,63rd,67th,41.779751,-87.644977,41.772472,-87.644787
467,95th,Wentworth,Halsted,41.721847197,-87.6286359347,41.7215954811,-87.6432218261
1211,Halsted,51st,47th,41.801585,-87.645156,41.808864,-87.645349
29,Pulaski,67th,63rd,41.7713729793,-87.7223927753,41.7786572624,-87.722645881
936,Milwaukee,Armitage,North Ave,41.9175705769,-87.6887320123,41.9104776279,-87.6776829823
159,Ashland,Diversey,Fullerton,41.9324046052,-87.6685777528,41.9251526443,-87.668329537
600,Lake Shore Dr,Montrose,Lawrence,41.9620060197,-87.6460782274,41.9694037972,-87.6477852109
883,LaSalle,Stockton,Clark,41.9133832339,-87.6319113969,41.913172,-87.632854
778,Peterson,Central Park,Jersey,41.9901159749,-87.7188702116,41.9902451513,-87.7111114564
926,Milwaukee,Kinzie,Chicago,41.8890200552,-87.6441331477,41.8962333529,-87.6551983919
841,Harlem,Addison,Belmont,41.9452646537,-87.8071886569,41.9379889583,-87.8069118722
699,Dr Martin L King Jr,31st,26th,41.8384212078,-87.6171031194,41.8456974224,-87.6172921227
293,Irving Park,Western,Damen,41.9538755379,-87.6884676201,41.9540197354,-87.6787557154
894,Lake Shore Dr,Montrose,Irving Park,41.96200822,-87.64644589,41.9546587304,-87.644948865
607,Lake Shore Dr,43rd,47th,41.8169491631,-87.5952757493,41.8109450575,-87.5889841751
412,79th,Dr Martin L King Jr,Cottage Grove,41.7510141454,-87.6149133035,41.7511156124,-87.6051912535
30,Pulaski,63rd,59th,41.7786572624,-87.7225767893,41.7859356046,-87.7228471654
1208,Halsted,63rd,59th,41.779751,-87.644597,41.787025,-87.64478
1197,Halsted,107th,103rd,41.69964,-87.642417,41.706916,-87.642643
503,Archer,Western,Damen,41.8258789119,-87.6848960158,41.831689289,-87.675372871
296,Irving Park,Clark,Sheridan,41.9542409021,-87.6622513991,41.9543511743,-87.6545461948
718,Dr Martin L King Jr,26th,31st,41.8456997096,-87.6176590907,41.8384234955,-87.6174700788
479,111th,Racine,Halsted,41.692109631,-87.6521384352,41.6922327334,-87.6423663045
157,Ashland,Elston,North Ave,41.9185478323,-87.6682766764,41.9106313534,-87.6678753006
974,Pershing,Damen,Western,41.82324972,-87.67507424,41.82317531,-87.6849
177,Garfield,Racine,Ashland,41.7943090849,-87.6548728011,41.7941615692,-87.6645803881
262,87th,Cottage Grove,Stony Island,41.7365122036,-87.6048243845,41.7367762597,-87.5856381753
66,Pulaski,79th,83rd,41.7495734287,-87.7221640524,41.7421819618,-87.7219287929
174,55th,Western,California,41.7940137889,-87.684040386,41.7938280159,-87.6937965741
1226,Halsted,North Ave,Armitage,41.91092,-87.648083,41.91818,-87.648318
616,Lake Shore Dr,Randolph,Monroe,41.8843899871,-87.6142285649,41.8809188072,-87.6176716636
554,Cermak,Ashland,Damen,41.8524897709,-87.6659402856,41.852299832,-87.6758591402
979,Pershing,Dr Martin L King Jr,State,41.82407853,-87.61699842,41.82401853,-87.62644842
310,Irving Park,Central Park,Pulaski,41.9539236607,-87.7178119849,41.9537849922,-87.7276158638
708,Dr Martin L King Jr,67th,71st,41.7729490745,-87.6156002918,41.7657148473,-87.6154810444
64,Pulaski,87th,91st,41.7348605537,-87.7216776788,41.7279279345,-87.721966073
484,111th,Monterey,Western,41.6920630313,-87.670578725,41.6919091649,-87.6811653381
3,55th,Kedzie,California,41.7933767009,-87.7035554211,41.7935536023,-87.693799302
1133,Cicero,Cermak,31st,41.8512451897,-87.7444337191,41.8367473974,-87.7439318058
368,Western,107th,111th,41.699079999,-87.681570794,41.691780196,-87.6813382085
317,Irving Park,Sheridan,Clark,41.954625578,-87.654543283,41.9545153063,-87.6622485204
252,55th,Kostner,Pulaski,41.792978773,-87.7329648143,41.7930671862,-87.7231602513
472,95th,Stony Island,Woodlawn,41.7224793067,-87.5851058414,41.7222769494,-87.594731404
291,Irving Park,Kedzie,California,41.9537825128,-87.708016216,41.9538366862,-87.6982419087
1027,Wacker,Franklin,LaSalle,41.8867180602,-87.6354447124,41.8867920358,-87.6324858898
532,Cermak,Kostner,Pulaski,41.8513081642,-87.73451023,41.8514551448,-87.7248565643
692,Dr Martin L King Jr,59th,Garfield,41.7875159099,-87.6156377043,41.7946755473,-87.615791142
555,Cermak,Racine,Ashland,41.8526797855,-87.6561800466,41.8524897709,-87.6659402856
407,Western,Bryn Mawr,Foster,41.983168718,-87.6896322236,41.9758925735,-87.6893345677
417,79th,Central Park,Pulaski,41.7498206443,-87.7118878282,41.7496709256,-87.7218815259
618,Lake Shore Dr,Grand Ave,Randolph,41.8919006,-87.61427361,41.88438999,-87.61422856
793,Hollywood,Ridge,Lake Shore Dr,41.9849056913,-87.662406509,41.9852595517,-87.6535201163
8,Garfield,Racine,Halsted,41.7940346735,-87.6548756951,41.7941646462,-87.6451618298
49,Pulaski,Armitage,Fullerton,41.9171651852,-87.7263752552,41.9244829851,-87.7266541696
1297,State,Chicago,Wacker,41.896677,-87.628298,41.886813,-87.628076
934,Milwaukee,Division,Chicago,41.903342994,-87.666645935,41.8962355211,-87.6555656519
299,Irving Park,Pacific,Cumberland,41.9523833109,-87.8269761925,41.9521889207,-87.8367104228
166,Ashland,Bryn Mawr,Foster,41.9834769032,-87.6700000222,41.976173197,-87.6697976396
162,Ashland,Irving Park,Addison,41.9542914171,-87.6692326667,41.9469911788,-87.6690419162
635,Cicero,59th,63rd,41.784318968,-87.7415926253,41.7784116409,-87.7424812354
543,Cermak,Stewart,State,41.8526856712,-87.6369278973,41.8527242399,-87.6270547792
1183,Sheridan,Devon,Pratt,41.9982075605,-87.6601728465,42.0055389804,-87.6607357537
1287,Chicago,LaSalle,Michigan,41.896514,-87.632709,41.896635,-87.624241
857,Higgins,Nagle,Oak Park,41.9763954381,-87.7878566714,41.9790058174,-87.7964577516
228,Roosevelt,Clark,Lake Shore Dr,41.8672367835,-87.6304367047,41.8673656534,-87.6189630924
686,Dr Martin L King Jr,83rd,79th,41.743809104,-87.6145593931,41.7511190099,-87.6148109218
1216,Halsted,31st,Archer,41.838046,-87.646086,41.847196,-87.646297
781,Peterson,Western,Damen,41.9903835167,-87.6896938259,41.9905502221,-87.6798605752
122,Ashland,North Ave,Elston,41.9106292239,-87.6675079387,41.9185457037,-87.6679092691
145,Ashland,Pershing,43rd,41.8231529963,-87.6654916893,41.8158718637,-87.6653316028
786,Peterson,Central Park,Pulaski,41.9903903804,-87.7188675725,41.9903055715,-87.7286540964
997,Touhy,Caldwell,Lehigh,42.0118012997,-87.788844102,42.0117270439,-87.7734085578
1033,Wacker,Madison,Van Buren,41.8819163019,-87.6370736078,41.8768064545,-87.6370265926
1258,Halsted,Grand,Madison,41.891185,-87.647807,41.881776,-87.647551
17,55th,Cicero,Laramie,41.7931681777,-87.7419834738,41.7930250391,-87.7525061843
768,Harlem,Diversey,Belmont,41.930812181,-87.8062855111,41.9379872726,-87.8065443404
303,Irving Park,Narragansett,Oak Park,41.9530537114,-87.7865583352,41.9528801018,-87.7962712058
1241,Halsted,71st,76th,41.765201,-87.644601,41.756089,-87.644373
521,Archer,Cermak,Halsted,41.85300225,-87.63481317,41.84732087,-87.64651959
251,55th,Cicero,Kostner,41.7928937616,-87.7419859962,41.792978773,-87.7329648143
321,North,Oak Park,Narragansett,41.9088985252,-87.794804754,41.9089744604,-87.7849651041
485,111th,Racine,Vincennes,41.6923840472,-87.6521355509,41.6922994183,-87.663399
395,Western,Division,Chicago,41.9030171606,-87.6872104227,41.8957442792,-87.6870262366
290,Irving Park,Central Park,Kedzie,41.9536492536,-87.7178146252,41.9537825128,-87.708016216
249,55th,Central,Laramie,41.79240528,-87.76223503,41.79275062,-87.75250866
352,Western,Washington,Grand,41.8829951691,-87.6863009624,41.8906470248,-87.6865108851
556,Cermak,Halsted,Racine,41.852819781,-87.646459951,41.8526797855,-87.6561800466
1252,Halsted,Archer,31st,41.847196,-87.646677,41.838046,-87.646466
882,LaSalle,Clark,North Ave,41.913172,-87.632854,41.9111610262,-87.6333278653
1153,Harlem,Forest Preserve Ave,Gunnison,41.9538138239,-87.8071497455,41.9683436725,-87.8069823878
612,Lake Shore Dr,Roosevelt,18th,41.8674673837,-87.6190382545,41.8579627613,-87.6167859369
169,55th,Kostner,Cicero,41.7932531887,-87.7329622535,41.7931681777,-87.7419834738
828,Harlem,Foster,Bryn Mawr,41.9754664535,-87.8068343518,41.9827767713,-87.8067554164
557,Cermak,Stewart,Halsted,41.8529600788,-87.6369249316,41.852819781,-87.646459951
878,LaSalle,Grand,Wacker,41.891601818,-87.6327415777,41.8869348661,-87.6326695061
483,111th,Cottage Grove,Bishop Ford Expy,41.6926264754,-87.6098570614,41.6923749771,-87.5988126481
1170,Harlem,Chicago,Madison,41.8942683013,-87.8055007941,41.8796992839,-87.8049488066
896,Lake Shore Dr,Foster,Lawrence,41.9765966882,-87.6506507735,41.9694059924,-87.6481529198
1263,Halsted,Fullerton,Armitage,41.925454,-87.64895,41.91818,-87.648698
978,Pershing,State,Dan Ryan Expy,41.82401853,-87.62644842,41.82391453,-87.63050842
246,Archer,Oak Park,Narragansett,41.7920189692,-87.7915770975,41.7922117726,-87.7818067839
506,Archer,Halsted,Cermak,41.8470464552,-87.6465225077,41.8527278475,-87.6348161557
386,Western,Archer,Pershing,41.8259389558,-87.6850859812,41.8229970652,-87.685060202
1031,Wacker,Michigan,Lake Shore Dr,41.88802888,-87.62457922,41.88736263,-87.61402835
1217,Halsted,Archer,Cermak,41.847196,-87.646297,41.852646,-87.646305
639,Cicero,43rd,47th,41.8149319078,-87.7435184383,41.8076284928,-87.7433257794
653,Cicero,Sunnyside,Irving Park,41.9622573117,-87.7477582908,41.9534216145,-87.7474859561
574,Cicero,Madison,Kinzie,41.8804946946,-87.7450741768,41.8879205051,-87.7453403489
640,Cicero,Pershing,43rd,41.8220494381,-87.7437314373,41.8149319078,-87.7435184383
1270,Madison,Wacker,Halsted,41.882014,-87.636891,41.881876,-87.647361
1231,Halsted,Addison,Irving Park,41.947316,-87.649296,41.954562,-87.649509
586,Lake Shore Dr,Balbo,Monroe,41.87325521,-87.61712898,41.88091652,-87.61730448
478,111th,Vincennes,Racine,41.6920250017,-87.663245,41.692109631,-87.6521384462
405,Western,Lawrence,Montrose,41.9686159566,-87.689090429,41.9613138803,-87.6888668215
129,Ashland,Montrose,Lawrence,41.9615905019,-87.6690743088,41.9688759177,-87.6692552405
1308,Harrison,Canal,State,41.874238,-87.639487,41.874452,-87.627611
1051,Washington,Ogden,Racine,41.8826899771,-87.664672601,41.8829113042,-87.6566669933
105,Ashland,63rd,59th,41.7794635041,-87.6640374592,41.7867457704,-87.6642111674
200,North,Laramie,Central,41.9096384783,-87.7557943854,41.9095159354,-87.7657229523
516,Archer,California,Kedzie,41.82013776,-87.69448283,41.81426355,-87.7042579
1040,Wacker,Lake Shore Dr,Michigan,41.88763704,-87.61402527,41.88830328,-87.62457619
528,Caldwell,Devon,Mendota,41.99730108,-87.76650952,42.00481724,-87.78226252
853,Higgins,Austin,Central,41.9730538829,-87.7782373882,41.970196534,-87.7675633518
470,95th,Cottage Grove,Dr Martin L King Jr,41.7222259181,-87.6045012673,41.7220217125,-87.6140911627
1181,57th,Lake Shore Dr,Stony Island,41.7925550314,-87.5802996067,41.7927800797,-87.5838875815
1303,Balbo,LakeShore Dr,Michigan,41.873356,-87.617312,41.873192,-87.627565
239,Roosevelt,Ashland,Damen,41.8669986938,-87.6663821254,41.8668917757,-87.6762482895
696,Dr Martin L King Jr,43rd,Pershing,41.8166344948,-87.6165993704,41.823824691,-87.616805129
1295,State,Wacker,Congress,41.886813,-87.628076,41.875639,-87.627718
418,79th,Kedzie,Central Park,41.7498503425,-87.7024134014,41.7498206443,-87.7118878282
180,Garfield,State,Dan Ryan Expy,41.7947803916,-87.6256995376,41.7946718587,-87.6311253178
553,Cermak,Damen,Western,41.852299832,-87.6758591402,41.8522071469,-87.6856447314
316,Irving Park,Clark,Ashland,41.9545153063,-87.6622485204,41.954427556,-87.6690474356
1301,Jackson,Wacker,Michigain,41.878077,-87.636914,41.87828,-87.624306
795,Ridge,Hollywood,Peterson,41.985180094,-87.6624036279,41.9909172373,-87.6721450666
112,Ashland,35th,Archer,41.8305002878,-87.6653847992,41.8376827898,-87.6655581444
1115,111th,Crawford,Kedzie,41.6912250073,-87.7202991601,41.6914305788,-87.7008290506
956,Ohio,State,Michigan,41.8924469959,-87.6280709409,41.8925430126,-87.6241579489
620,Lake Shore Dr,Oak St,Grand,41.90098105,-87.61989328,41.8919006,-87.61427361
383,Western,47th,51st,41.8084267863,-87.684608746,41.8011472177,-87.6844074011
780,Peterson,California,Western,41.9903007523,-87.6994001534,41.9903835167,-87.6896938259
755,Ewing,96th,Indianapolis,41.7213286555,-87.5354182726,41.7128142135,-87.5354586494
464,95th,Ashland,Damen,41.7213323658,-87.6626317556,41.7211640089,-87.6727255878
12,Archer,Oak Park,Harlem,41.7922933877,-87.7915747868,41.7920840659,-87.801548143
1300,Jackson,Halsted,Wacker,41.877947,-87.647241,41.878077,-87.636914
250,55th,Laramie,Cicero,41.7927506225,-87.7525086618,41.7928937616,-87.7419859962
175,Garfield,Damen,Western,41.7940535229,-87.6742991606,41.7940137889,-87.684040386
550,Cermak,Kedzie,Trumball,41.852019272,-87.7052158636,41.8517829108,-87.7108753815
88,Pulaski,Armitage,North Ave,41.917169067,-87.7268100624,41.9098896012,-87.726581748
502,Archer,California,Western,41.8198633558,-87.6944855458,41.8258789119,-87.6848960158
231,Roosevelt,Cicero,Laramie,41.8660878547,-87.7447613932,41.8658505637,-87.7545575569
119,Ashland,Grand,Chicago,41.8909763311,-87.6669590125,41.8960725742,-87.6671078757
579,Lake Shore Dr,43rd,Oakwood,41.816935359,-87.5946895061,41.8252971863,-87.6001924641
756,Ewing,95th,96th,41.7229428303,-87.5367257051,41.7213286555,-87.5354182726
281,Irving Park,Harlem,Oak Park,41.9526256799,-87.8072619385,41.9526056908,-87.7962735095
268,87th,California,Kedzie,41.7355199254,-87.6921980271,41.7353577848,-87.7020951833
578,Lake Shore Dr,47th,43rd,41.8109426802,-87.5886173859,41.8169468056,-87.5949089327
765,Harlem,North Ave,Armitage,41.9088375317,-87.8055690991,41.9161689398,-87.8058078034
714,Dr Martin L King Jr,43rd,47th,41.816636783,-87.6169661907,41.809387166,-87.6167610807
843,Harlem,Foster,Gunnison,41.9754681394,-87.8072020843,41.9682613016,-87.8073175404
1274,Madison,Ashland,Racine,41.881354,-87.666802,41.881515,-87.657142
651,Cicero,Addison,Belmont,41.9461208905,-87.7472367862,41.9388205094,-87.7470620151
1230,Halsted,Belmont,Addison,41.939979,-87.649077,41.947316,-87.649296
23,Pulaski,95th,91st,41.7205351179,-87.7211582444,41.7279240361,-87.7216034956
182,87th,Cicero,Kostner,41.734386902,-87.7410588664,41.7345524002,-87.731161881
216,Roosevelt,Cicero,Kostner,41.8658134419,-87.7447639101,41.8658956887,-87.7349660246
398,Western,Fullerton,Milwaukee,41.9249017152,-87.6878256352,41.9168064565,-87.6875724135
539,Cermak,Damen,Ashland,41.8520254223,-87.6758619651,41.8522153616,-87.6659431382
471,95th,Woodlawn,Cottage Grove,41.7222769494,-87.594731404,41.7222259181,-87.6045012673
766,Harlem,Armitage,Grand,41.9161689398,-87.8058078034,41.9239918867,-87.8060612029
737,Milwaukee,Fullerton,Diversey,41.9247896604,-87.7002228515,41.9319511814,-87.7120661817
584,Lake Shore Dr,Roosevelt,Balbo,41.8674650997,-87.6186711362,41.8732552139,-87.6171289792
1261,Halsted,North Ave,Division,41.91092,-87.648463,41.903636,-87.648284
845,Harlem,Peterson,Bryn Mawr,41.98997995,-87.8070638759,41.9827784576,-87.8071231837
573,Cicero,Harrison,Madison,41.8731382595,-87.7448074201,41.8804946946,-87.7450741768
186,North,Kostner,Pulaski,41.9096183569,-87.7362643899,41.9097494848,-87.7263320051
280,Irving Park,Oriole,Harlem,41.9524069352,-87.8170669694,41.9526256799,-87.8072619385
480,111th,Halsted,Stewart,41.6922327333,-87.6423662972,41.6923240264,-87.6329245691
141,Ashland,55th,59th,41.7940254304,-87.6647651619,41.7867479054,-87.6645778209
1188,Clark,Ashland,Ridge,41.9867518859,-87.6695265292,41.9896973587,-87.6697997674
422,79th,Woodlawn,Cottage Grove,41.7514496528,-87.595412204,41.7513900229,-87.6051881522
133,Ashland,91st,95th,41.7284832358,-87.6630347385,41.7212162434,-87.6628665545
624,Cicero,Armitage,Fullerton,41.9169301148,-87.7459288182,41.9242304183,-87.7460848509
154,Ashland,Chicago,Grand,41.8960747044,-87.6674751541,41.8909784616,-87.6673262617
35,Pulaski,43rd,I-55 Expy,41.8151945196,-87.7236784823,41.8229897759,-87.723940876
382,Western,51st,55th,41.8011472177,-87.6844074011,41.7938776185,-87.6842251186
969,Pershing,Halsted,Dan Ryan Expy,41.82339009,-87.64595204,41.82371453,-87.63050842
236,Roosevelt,California,Kedzie,41.8666478725,-87.6959061275,41.8665425122,-87.7056678592
305,Irving Park,Central,Austin,41.953321789,-87.7669985006,41.9531933493,-87.7767736096
370,Western,99th,103rd,41.7136748244,-87.6820264847,41.7063773615,-87.6818034645
799,Stony Island,87th,83rd,41.7369134537,-87.5852385693,41.7442162163,-87.5854076784
1134,Cicero,Roosevelt,Cermak,41.8659627382,-87.7449852043,41.8512451897,-87.7444337191
863,Illinois,Michigan,Columbus,41.890933613,-87.6241289611,41.8910035937,-87.6202254172
907,Michigan,Congress,Randolph,41.875777,-87.624123,41.88447407,-87.62426376
278,87th,Chicago Skyway,Stony Island,41.7372907245,-87.5688698936,41.7370506698,-87.5856349924
859,Higgins,Central,Austin,41.9704709429,-87.7675609235,41.9733282922,-87.7782350055
420,79th,Dr Martin L King Jr,State,41.7512885566,-87.6149102436,41.7511042672,-87.6245246027
401,Western,Belmont,Diversey,41.9394618483,-87.6883485854,41.9321801597,-87.6880664353
971,Pershing,State,Dr Martin L King Jr,41.82381853,-87.62644842,41.82387853,-87.61699842
1102,Cermak,Ridgeland,Harlem,41.8510024115,-87.7834783427,41.8505125016,-87.803611051
697,Dr Martin L King Jr,Pershing,35th,41.823824691,-87.616805129,41.8311007753,-87.6169702483
53,Pulaski,Irving Park,Elston,41.9536468185,-87.7274333564,41.9596128313,-87.7276617396
381,Western,55th,59th,41.7938776185,-87.6842251186,41.7865297579,-87.6840139301
142,Ashland,51st,55th,41.8013192816,-87.6649598466,41.7940254304,-87.6647651619
904,Michigan,Roosevelt,Congress,41.86745208,-87.62392868,41.875777,-87.624123
285,Irving Park,Central,Laramie,41.9530473793,-87.7670009299,41.9531625184,-87.7571489562
757,Grand,State,LaSalle,41.8917151045,-87.62806696,41.8916126007,-87.6325878656
393,Western,Grand,Washington,41.8906490928,-87.6868781339,41.8829972374,-87.6866681673
50,Pulaski,Fullerton,Diversey,41.9244829851,-87.7265848616,41.9317893922,-87.726864157
287,Irving Park,Cicero,Kostner,41.9532811726,-87.7473061296,41.9533921986,-87.7380652196
1306,Clark,Roosevelt,Harrison,41.867374,-87.630336,41.874521,-87.630574
155,Ashland,Milwaukee,Chicago,41.904018258,-87.6676967823,41.8960747044,-87.6674751541
563,Cicero,79th,72nd,41.7492014587,-87.7412632413,41.7618981214,-87.741598945
815,Stony Island,63rd,67th,41.7806547878,-87.5866211188,41.7733522321,-87.5864010353
792,Ridge,Peterson,Hollywood,41.9906428343,-87.6721479065,41.9849056913,-87.662406509
1223,Halsted,Grand,Chicago,41.891185,-87.647427,41.896397,-87.647555
643,Cicero,Kinzie,Madison,41.8879223958,-87.7457075823,41.8804965805,-87.7454413862
966,Pershing,Western,Damen,41.82297531,-87.6849,41.82304972,-87.67507424
267,87th,Kedzie,Central Park,41.7353577848,-87.7020951833,41.7351586508,-87.711992685
679,Desplaines,Kinzie,Madison,41.8890317788,-87.6445439049,41.8818287714,-87.6442914709
392,Western,Washington,Van Buren,41.8829972374,-87.6866681673,41.8760846544,-87.6864530829
673,Cumberland,Kennedy Expy,Lawrence,41.9842206477,-87.8367650119,41.9666029184,-87.8368335094
520,Archer,Halsted,Ashland,41.84732087,-87.64651959,41.83783649,-87.66577839
80,Pulaski,Roosevelt,16th,41.8661750444,-87.7254211571,41.858871241,-87.7252056371
1057,Randolph,Michigan,Wacker,41.8846086464,-87.6244501884,41.8845986991,-87.637068542
707,Dr Martin L King Jr,71st,75th,41.7657148473,-87.6154810444,41.7584052178,-87.6152627045
567,Cicero,59th,55th,41.7843170707,-87.7412259766,41.793035195,-87.7417947979
101,Ashland,83rd,79th,41.7430756949,-87.6630683582,41.7503560091,-87.6632541367
871,LaSalle,Wacker,Grand,41.8869326249,-87.6323022864,41.8915995768,-87.6323743203
28,Pulaski,71st,67th,41.7640992823,-87.7221715979,41.7713729793,-87.7224617677
1209,Halsted,59th,55th,41.787025,-87.64478,41.794301,-87.64497
13,Archer,Narragansett,Oak Park,41.7924861906,-87.7818044315,41.7922933877,-87.7915747868
784,Peterson,Kostner,Cicero,41.99014783,-87.738383984,41.9900367205,-87.7483246455
199,North,Central,Austin,41.9095159354,-87.7657229523,41.9093998422,-87.7756143071
204,North,Central Park,Pulaski,41.9101313576,-87.7166993605,41.9100238945,-87.7263294053
301,Irving Park,Harlem,Oriole,41.9529000914,-87.807259682,41.9526813472,-87.8170647549
505,Archer,Ashland,Halsted,41.8375620822,-87.6657812595,41.8470464552,-87.6465225077
282,Irving Park,Oak Park,Narragansett,41.9526056908,-87.7962735095,41.9527793008,-87.7865606805
834,Harlem,59th,63rd,41.7846892828,-87.801399484,41.7772923833,-87.8010821479
932,Milwaukee,Devon,Touhy,41.9973513029,-87.7877063878,42.0119685688,-87.8009390602
266,87th,Central Park,Pulaski,41.7351586508,-87.711992685,41.734992492,-87.7214553595
946,Milwaukee,Peterson,Bryn Mawr,41.9901963992,-87.7812184608,41.9829168191,-87.7745470464
967,Pershing,Damen,Ashland,41.82304972,-87.67507424,41.82307531,-87.66551
623,Cicero,North Ave,Armitage,41.9096276932,-87.7459028831,41.9169301148,-87.7459288182
1256,Halsted,Harrison,Roosevelt,41.874338,-87.647315,41.867152,-87.647109
343,Western,47th,43rd,41.8084247143,-87.6842419673,41.8156948926,-87.6844449706
770,Harlem,Addison,Forest Preserve Ave,41.9452629688,-87.8068210943,41.9538790793,-87.8071055817
583,Lake Shore Dr,18TH,Roosevelt,41.8579604705,-87.6164188659,41.8674650997,-87.6186711362
838,Harlem,Grand,Armitage,41.9239935733,-87.8064286323,41.9161706271,-87.8061752063
494,Archer,Austin,Central,41.7940678353,-87.772082715,41.7955741737,-87.7624030192
361,Western,Belmont,Addison,41.9394597831,-87.6879810565,41.9467297764,-87.6880739349
400,Western,Diversey,Kennedy Expy,41.9321801597,-87.6880664353,41.9279828403,-87.6879335859
880,LaSalle,Division,Chicago,41.9038840385,-87.6330996716,41.8966141219,-87.6329021476
390,Western,Roosevelt,18th,41.8666135775,-87.686221969,41.857516,-87.685945
767,Harlem,Grand,Diversey,41.9239918867,-87.8060612029,41.930812181,-87.8062855111
463,95th,Damen,Western,41.7211640089,-87.6727255878,41.7211025023,-87.6820569435
442,79th,Central Park,Kedzie,41.7495462277,-87.7118904749,41.7495759263,-87.7024160884
371,Western,95th,99th,41.7209403583,-87.6822383249,41.7136748244,-87.6820264847
884,LaSalle,Lake Shore Dr,Stockton,41.9129419995,-87.6265992962,41.9133832339,-87.6319113969
1225,Halsted,Division,North Ave,41.903636,-87.647904,41.91092,-87.648083
549,Cermak,Trumball,Central Park,41.8521395327,-87.7111548786,41.8517758038,-87.7150028281
322,North,Narragansett,Austin,41.9089744604,-87.7849651041,41.9091254301,-87.7756166957
153,Ashland,Grand,Washington,41.8909784616,-87.6673262617,41.8833000413,-87.6670550027
377,Western,71st,Columbus Ave,41.76470325,-87.6834259477,41.7592331585,-87.6832857301
81,Pulaski,Van Buren,Roosevelt,41.8752792694,-87.7257294016,41.8661750444,-87.7254211571
474,95th,Torrence,Jeffery,41.7228414789,-87.5598708419,41.7226422935,-87.5753648927
929,Milwaukee,North Ave,Armitage,41.9104755299,-87.6773156389,41.9175685137,-87.6883646017
1257,Halsted,Madison,Harrison,41.881776,-87.647551,41.874338,-87.647315
270,87th,Damen,Western,41.7357915897,-87.6727836177,41.7356644927,-87.6825126506
160,Ashland,Belmont,Diversey,41.9396975636,-87.6688454399,41.9324046052,-87.6685777528
20,Pulaski,107th,103rd,41.6985611194,-87.7204446212,41.7059018917,-87.7207943736
409,79th,Halsted,Vincennes,41.7505008306,-87.6439731098,41.7506044271,-87.6341968458
537,Cermak,California,Western,41.8517403632,-87.6954340282,41.8519327365,-87.6856474998
257,87th,Ashland,Racine,41.7356525768,-87.6630665594,41.7357981642,-87.6533416007
336,Western,Columbus Ave,71st,41.7592310843,-87.6829192318,41.764701176,-87.6830594183
1309,Harrison,Canal,Halsted,41.874538,-87.639487,41.874438,-87.647125
243,Roosevelt,Clark,Jefferson,41.86751119,-87.6304336988,41.8673568658,-87.6421863761
42,Pulaski,Van Buren,Washington,41.8752753838,-87.7252950746,41.8819364677,-87.7255863086
1277,Columbus,Congress,Roosevelt,41.875774,-87.620688,41.867512,-87.620501
941,Milwaukee,Irving Park,Addison,41.9534196096,-87.7474711222,41.9462450778,-87.7358107254
357,Western,Milwaukee,Fullerton,41.9168043897,-87.6872050148,41.9248996489,-87.68745819
862,Illinois,State,Michigan,41.8908659481,-87.6280379804,41.890933613,-87.6241289611
295,Irving Park,Ashland,Clark,41.9541531514,-87.6690502851,41.9542409021,-87.6622513991
397,Western,Milwaukee,North Ave,41.9168064565,-87.6875724135,41.9103219014,-87.6874043778
498,Archer,Kostner,Pulaski,41.8000225514,-87.733172525,41.8021841928,-87.7234847773
137,Ashland,71st,79th,41.7649100967,-87.6639792472,41.7503581457,-87.663620583
1178,57th,Stony Island,Lake Shore Dr,41.7925056725,-87.5838907781,41.7922806244,-87.5803028186
196,North,Oak Park,Harlem,41.9091729382,-87.7948024476,41.9090033229,-87.8057579864
328,Western,107th,103rd,41.6990779218,-87.6812046376,41.7063752847,-87.6814372666
1234,Halsted,99th,103rd,41.714215,-87.643194,41.706916,-87.643023
144,Ashland,43rd,47th,41.8158718637,-87.6653316028,41.8086055077,-87.6651559056
1172,Harlem,Gunnison,Forest Preserve Ave,41.9683436725,-87.8073823878,41.9538138239,-87.8075497455
599,Lake Shore Dr,Irving Park,Montrose,41.9546565256,-87.6445812375,41.9620060197,-87.6460782274
198,North,Austin,Narragansett,41.9093998422,-87.7756143071,41.909248873,-87.7849627555
79,Pulaski,16th,Cermak,41.858871241,-87.7252056371,41.8515494772,-87.7250091595
375,Western,79th,83rd,41.7501038593,-87.6830303802,41.7428167477,-87.6828624247
851,Higgins,Oak Park,Nagle,41.9787314076,-87.7964600566,41.9761210286,-87.787859013
814,Stony Island,67th,71st,41.7733522321,-87.5864010353,41.7660878258,-87.5862821566
342,Western,51st,47th,41.8011451454,-87.684040664,41.8084247143,-87.6842419673
348,Western,Cermak,18th,41.8520308712,-87.6854567493,41.857496,-87.685797
1269,Madison,Michigan,Wacker,41.882109,-87.624366,41.882014,-87.636891
31,Pulaski,59th,55th,41.7859356046,-87.722778136,41.7932034198,-87.7230445278
633,Cicero,67th,72nd,41.7711273217,-87.7422329321,41.7619000085,-87.7419654588
1212,Halsted,47th,43rd,41.808864,-87.645349,41.816184,-87.645535
1207,Halsted,67th,63rd,41.772472,-87.644407,41.779751,-87.644597
879,LaSalle,Chicago,Grand,41.8966141219,-87.6329021476,41.891601818,-87.6327415777
1289,Chicago,Halsted,LaSalle,41.896297,-87.647745,41.896514,-87.632709
222,Roosevelt,Western,Damen,41.8664753382,-87.6860397975,41.8666173666,-87.6762510995
326,North,Cicero,Kostner,41.9094885759,-87.7461157058,41.9096183569,-87.7362643899
37,Pulaski,31st,26th,41.8368812942,-87.7241670914,41.8442541875,-87.7244396463
206,North,California,Kedzie,41.9103545465,-87.6970334998,41.9102525328,-87.706959124
360,Western,Diversey,Belmont,41.9321780939,-87.6876989484,41.9394597831,-87.6879810565
660,Congress,Michigan,State,41.8758738945,-87.624251783,41.8757590907,-87.6276277176
645,Cicero,Division,Chicago,41.9023434231,-87.746169799,41.8949874728,-87.7459957206
253,87th,Kedzie,California,41.735083368,-87.7020978703,41.7352455091,-87.6922007563
891,Lake Shore Dr,Belmont,Diversey,41.9403863706,-87.6385898812,41.9334278712,-87.6322220647
829,Harlem,Bryn Mawr,Peterson,41.9827767713,-87.8067554164,41.9899782632,-87.8066960672
339,Western,63rd,59th,41.7792149771,-87.6834560431,41.786527685,-87.6836472764
1117,111th,Kedzie,Crawford,41.6917049977,-87.7008263623,41.6914994271,-87.7202965545
468,95th,Michigan,Wentworth,41.7219106219,-87.6205312155,41.721847197,-87.6286359347
1024,Wacker,Van Buren,Madison,41.8768042277,-87.6366594269,41.8819140751,-87.6367064128
704,Dr Martin L King Jr,83rd,87th,41.7438113955,-87.6149257801,41.7365015302,-87.6146742766
205,North,Kedzie,Central Park,41.9102525328,-87.706959124,41.9101313576,-87.7166993605
156,Ashland,North Ave,Milwaukee,41.9106313534,-87.6678753006,41.904018258,-87.6676967823
702,Dr Martin L King Jr,91st,95th,41.7291923898,-87.6145559778,41.7218576767,-87.6143380874
825,Milwaukee,Lawrence,Foster,41.9678434988,-87.7605911887,41.975654244,-87.7675546457
245,Archer,Harlem,Oak Park,41.7918096469,-87.8015504112,41.7920189692,-87.7915770975
1050,Warren,Ashland,Ogden,41.8822417003,-87.6668391286,41.8826899771,-87.664672601
323,North,Austin,Central,41.9091254301,-87.7756166957,41.9092415237,-87.7657253832
56,Pulaski,Foster,Bryn Mawr,41.9755310394,-87.7280495172,41.9828305605,-87.7283177717
542,Cermak,Halsted,Stewart,41.8525453728,-87.6464628758,41.8526856713,-87.6369279083
872,LaSalle,Grand,Chicago,41.8915995768,-87.6323743203,41.8966118812,-87.6325348871
605,Lake Shore Dr,51st,55th,41.8027405099,-87.5817584885,41.7952204517,-87.5793749691
887,Lake Shore Dr,55th,51st,41.7952180444,-87.5790082777,41.8027381099,-87.5813917503
960,Ontario,Fairbanks,Michigan,41.8934286118,-87.6202858565,41.8933239978,-87.6242206362
225,Roosevelt,Racine,Halsted,41.8668594116,-87.6566826727,41.8670168965,-87.6469198175
636,Cicero,55th,59th,41.7930370853,-87.7421614891,41.784318968,-87.7415926253
706,Dr Martin L King Jr,75th,79th,41.7584052178,-87.6152627045,41.751121301,-87.6151773651
569,Cicero,51st,47th,41.8003400449,-87.7428033166,41.8076266165,-87.7429589865
71,Pulaski,55th,59th,41.793207314,-87.7234089919,41.7859394995,-87.7232114423
100,Ashland,87th,83rd,41.7357887154,-87.6628819511,41.7430756949,-87.6630683582
16,55th,Laramie,Central,41.79302504,-87.75250618,41.7928797,-87.76223503
233,Roosevelt,Pulaski,Kostner,41.8663093356,-87.7251691897,41.866170101,-87.7349634658
1272,Madison,Racine,Halsted,41.881515,-87.657142,41.881676,-87.647361
903,Michigan,16th,Roosevelt,41.860205,-87.62377822,41.86745208,-87.62392868
325,North,Laramie,Cicero,41.9093640671,-87.7557968589,41.9094885759,-87.7461157058
41,Pulaski,Roosevelt,Van Buren,41.8661711575,-87.7249869344,41.8752753838,-87.7253813295
91,Pulaski,Milwaukee,Diversey,41.9411707218,-87.72749796560001,41.9317932724,-87.72722993800001
